date,1Y,2Y,3Y,5Y,7Y,10Y,15Y,Spread_10Y_1Y,Spread_10Y_2Y,Curve_Slope
2016-01-04,4.961,5.264,5.519,5.877,6.185,6.441,6.803,1.48,1.177,Dốc lên (Steep Normal)
2016-01-11,4.959,5.263,5.518,5.877,6.186,6.437,6.803,1.478,1.174,Dốc lên (Steep Normal)
2016-01-18,4.949,5.254,5.51,5.87,6.179,6.425,6.795,1.476,1.171,Dốc lên (Steep Normal)
2016-01-25,4.933,5.24,5.496,5.856,6.165,6.407,6.78,1.474,1.167,Dốc lên (Steep Normal)
2016-02-01,4.916,5.223,5.48,5.84,6.149,6.386,6.762,1.47,1.163,Dốc lên (Steep Normal)
2016-02-08,4.899,5.207,5.464,5.824,6.132,6.366,6.744,1.467,1.159,Dốc lên (Steep Normal)
2016-02-15,4.885,5.193,5.451,5.811,6.118,6.348,6.727,1.463,1.155,Dốc lên (Steep Normal)
2016-02-22,4.875,5.184,5.441,5.801,6.107,6.334,6.714,1.459,1.15,Dốc lên (Steep Normal)
2016-02-29,4.869,5.178,5.435,5.794,6.1,6.324,6.704,1.455,1.146,Dốc lên (Steep Normal)
2016-03-07,4.866,5.175,5.432,5.789,6.094,6.316,6.695,1.45,1.141,Dốc lên (Steep Normal)
2016-03-14,4.862,5.171,5.427,5.784,6.087,6.308,6.685,1.446,1.137,Dốc lên (Steep Normal)
2016-03-21,4.855,5.163,5.418,5.774,6.076,6.296,6.672,1.441,1.133,Dốc lên (Steep Normal)
2016-03-28,4.841,5.148,5.403,5.757,6.057,6.277,6.651,1.436,1.129,Dốc lên (Steep Normal)
2016-04-04,4.818,5.125,5.379,5.731,6.03,6.251,6.621,1.433,1.126,Dốc lên (Steep Normal)
2016-04-11,4.787,5.092,5.345,5.696,5.994,6.216,6.583,1.429,1.124,Dốc lên (Steep Normal)
2016-04-18,4.748,5.052,5.304,5.653,5.95,6.174,6.536,1.426,1.122,Dốc lên (Steep Normal)
2016-04-25,4.704,5.007,5.258,5.606,5.901,6.128,6.486,1.424,1.121,Dốc lên (Steep Normal)
2016-05-02,4.66,4.962,5.211,5.558,5.852,6.082,6.436,1.422,1.12,Dốc lên (Steep Normal)
2016-05-09,4.62,4.92,5.169,5.513,5.807,6.041,6.39,1.421,1.121,Dốc lên (Steep Normal)
2016-05-16,4.588,4.887,5.134,5.477,5.77,6.008,6.352,1.42,1.121,Dốc lên (Steep Normal)
2016-05-23,4.566,4.864,5.11,5.452,5.744,5.986,6.326,1.42,1.122,Dốc lên (Steep Normal)
2016-05-30,4.556,4.853,5.098,5.439,5.731,5.978,6.313,1.422,1.125,Dốc lên (Steep Normal)
2016-06-06,4.558,4.853,5.097,5.438,5.729,5.98,6.312,1.422,1.127,Dốc lên (Steep Normal)
2016-06-13,4.567,4.861,5.105,5.445,5.736,5.992,6.321,1.425,1.131,Dốc lên (Steep Normal)
2016-06-20,4.581,4.875,5.118,5.457,5.749,6.009,6.335,1.428,1.134,Dốc lên (Steep Normal)
2016-06-27,4.596,4.888,5.131,5.47,5.762,6.027,6.35,1.431,1.139,Dốc lên (Steep Normal)
2016-07-04,4.606,4.898,5.14,5.48,5.772,6.041,6.362,1.435,1.143,Dốc lên (Steep Normal)
2016-07-11,4.609,4.9,5.143,5.483,5.776,6.048,6.368,1.439,1.148,Dốc lên (Steep Normal)
2016-07-18,4.603,4.894,5.137,5.478,5.772,6.046,6.366,1.443,1.152,Dốc lên (Steep Normal)
2016-07-25,4.589,4.88,5.123,5.465,5.76,6.037,6.357,1.448,1.157,Dốc lên (Steep Normal)
2016-08-01,4.568,4.86,5.103,5.446,5.742,6.021,6.342,1.453,1.161,Dốc lên (Steep Normal)
2016-08-08,4.544,4.835,5.08,5.423,5.721,6.001,6.324,1.457,1.166,Dốc lên (Steep Normal)
2016-08-15,4.518,4.811,5.056,5.401,5.7,5.98,6.305,1.462,1.169,Dốc lên (Steep Normal)
2016-08-22,4.495,4.788,5.034,5.381,5.681,5.961,6.289,1.466,1.173,Dốc lên (Steep Normal)
2016-08-29,4.476,4.77,5.017,5.365,5.667,5.945,6.277,1.469,1.175,Dốc lên (Steep Normal)
2016-09-05,4.462,4.757,5.005,5.354,5.657,5.934,6.27,1.472,1.177,Dốc lên (Steep Normal)
2016-09-12,4.451,4.747,4.996,5.347,5.651,5.926,6.265,1.475,1.179,Dốc lên (Steep Normal)
2016-09-19,4.44,4.738,4.988,5.341,5.646,5.918,6.262,1.478,1.18,Dốc lên (Steep Normal)
2016-09-26,4.428,4.727,4.979,5.333,5.639,5.907,6.256,1.479,1.18,Dốc lên (Steep Normal)
2016-10-03,4.412,4.712,4.964,5.32,5.627,5.891,6.245,1.479,1.179,Dốc lên (Steep Normal)
2016-10-10,4.388,4.689,4.943,5.3,5.608,5.868,6.226,1.48,1.179,Dốc lên (Steep Normal)
2016-10-17,4.356,4.659,4.913,5.272,5.58,5.835,6.198,1.479,1.176,Dốc lên (Steep Normal)
2016-10-24,4.317,4.621,4.877,5.236,5.545,5.795,6.162,1.478,1.174,Dốc lên (Steep Normal)
2016-10-31,4.274,4.579,4.835,5.195,5.504,5.75,6.12,1.476,1.171,Dốc lên (Steep Normal)
2016-11-07,4.23,4.536,4.793,5.153,5.462,5.704,6.077,1.474,1.168,Dốc lên (Steep Normal)
2016-11-14,4.19,4.497,4.754,5.114,5.423,5.66,6.036,1.47,1.163,Dốc lên (Steep Normal)
2016-11-21,4.157,4.465,4.723,5.083,5.391,5.624,6.002,1.467,1.159,Dốc lên (Steep Normal)
2016-11-28,4.136,4.444,4.702,5.062,5.369,5.599,5.978,1.463,1.155,Dốc lên (Steep Normal)
2016-12-05,4.127,4.436,4.693,5.053,5.36,5.586,5.966,1.459,1.15,Dốc lên (Steep Normal)
2016-12-12,4.131,4.44,4.697,5.056,5.362,5.586,5.965,1.455,1.146,Dốc lên (Steep Normal)
2016-12-19,4.145,4.454,4.711,5.068,5.373,5.595,5.974,1.45,1.141,Dốc lên (Steep Normal)
2016-12-26,4.165,4.474,4.73,5.087,5.39,5.611,5.988,1.446,1.137,Dốc lên (Steep Normal)
2017-01-02,4.187,4.496,4.751,5.106,5.408,5.628,6.004,1.441,1.132,Dốc lên (Steep Normal)
2017-01-09,4.207,4.515,4.769,5.123,5.424,5.644,6.017,1.437,1.129,Dốc lên (Steep Normal)
2017-01-16,4.221,4.527,4.781,5.134,5.433,5.654,6.024,1.433,1.127,Dốc lên (Steep Normal)
2017-01-23,4.226,4.531,4.784,5.135,5.433,5.655,6.021,1.429,1.124,Dốc lên (Steep Normal)
2017-01-30,4.222,4.526,4.778,5.127,5.424,5.648,6.01,1.426,1.122,Dốc lên (Steep Normal)
2017-02-06,4.21,4.513,4.764,5.111,5.407,5.634,5.992,1.424,1.121,Dốc lên (Steep Normal)
2017-02-13,4.193,4.495,4.744,5.09,5.384,5.615,5.968,1.422,1.12,Dốc lên (Steep Normal)
2017-02-20,4.173,4.473,4.722,5.066,5.36,5.594,5.942,1.421,1.121,Dốc lên (Steep Normal)
2017-02-27,4.154,4.453,4.7,5.043,5.336,5.574,5.918,1.42,1.121,Dốc lên (Steep Normal)
2017-03-06,4.137,4.435,4.681,5.023,5.315,5.557,5.897,1.42,1.122,Dốc lên (Steep Normal)
2017-03-13,4.123,4.42,4.665,5.006,5.298,5.545,5.88,1.422,1.125,Dốc lên (Steep Normal)
2017-03-20,4.113,4.408,4.652,4.993,5.284,5.535,5.867,1.422,1.127,Dốc lên (Steep Normal)
2017-03-27,4.103,4.397,4.641,4.981,5.272,5.528,5.856,1.425,1.131,Dốc lên (Steep Normal)
2017-04-03,4.091,4.384,4.627,4.967,5.258,5.519,5.844,1.428,1.135,Dốc lên (Steep Normal)
2017-04-10,4.074,4.366,4.609,4.948,5.24,5.505,5.828,1.431,1.139,Dốc lên (Steep Normal)
2017-04-17,4.049,4.341,4.583,4.923,5.215,5.484,5.805,1.435,1.143,Dốc lên (Steep Normal)
2017-04-24,4.015,4.307,4.549,4.889,5.182,5.454,5.774,1.439,1.147,Dốc lên (Steep Normal)
2017-05-01,3.973,4.264,4.507,4.848,5.142,5.416,5.736,1.443,1.152,Dốc lên (Steep Normal)
2017-05-08,3.925,4.216,4.459,4.8,5.095,5.372,5.693,1.447,1.156,Dốc lên (Steep Normal)
2017-05-15,3.874,4.165,4.408,4.751,5.047,5.326,5.647,1.452,1.161,Dốc lên (Steep Normal)
2017-05-22,3.824,4.116,4.36,4.704,5.001,5.281,5.604,1.457,1.165,Dốc lên (Steep Normal)
2017-05-29,3.781,4.073,4.318,4.664,4.962,5.242,5.568,1.461,1.169,Dốc lên (Steep Normal)
2017-06-05,3.748,4.041,4.287,4.634,4.934,5.213,5.542,1.465,1.172,Dốc lên (Steep Normal)
2017-06-12,3.727,4.021,4.268,4.616,4.918,5.196,5.528,1.469,1.175,Dốc lên (Steep Normal)
2017-06-19,3.719,4.015,4.262,4.612,4.915,5.192,5.528,1.473,1.177,Dốc lên (Steep Normal)
2017-06-26,3.723,4.019,4.268,4.62,4.924,5.198,5.538,1.475,1.179,Dốc lên (Steep Normal)
2017-07-03,3.735,4.033,4.283,4.636,4.941,5.212,5.557,1.477,1.179,Dốc lên (Steep Normal)
2017-07-10,3.751,4.05,4.301,4.656,4.962,5.23,5.579,1.479,1.18,Dốc lên (Steep Normal)
2017-07-17,3.767,4.067,4.32,4.676,4.983,5.247,5.6,1.48,1.18,Dốc lên (Steep Normal)
2017-07-24,3.779,4.08,4.334,4.691,4.999,5.259,5.617,1.48,1.179,Dốc lên (Steep Normal)
2017-07-31,3.783,4.086,4.341,4.699,5.008,5.263,5.625,1.48,1.177,Dốc lên (Steep Normal)
2017-08-07,3.78,4.085,4.34,4.699,5.008,5.259,5.625,1.479,1.174,Dốc lên (Steep Normal)
2017-08-14,3.77,4.075,4.331,4.691,5.0,5.246,5.616,1.476,1.171,Dốc lên (Steep Normal)
2017-08-21,3.755,4.061,4.318,4.678,4.987,5.228,5.602,1.473,1.167,Dốc lên (Steep Normal)
2017-08-28,3.737,4.044,4.301,4.662,4.97,5.208,5.583,1.471,1.164,Dốc lên (Steep Normal)
2017-09-04,3.72,4.028,4.285,4.646,4.954,5.187,5.565,1.467,1.159,Dốc lên (Steep Normal)
2017-09-11,3.706,4.014,4.272,4.632,4.939,5.169,5.548,1.463,1.155,Dốc lên (Steep Normal)
2017-09-18,3.696,4.005,4.263,4.622,4.929,5.155,5.535,1.459,1.15,Dốc lên (Steep Normal)
2017-09-25,3.691,4.0,4.257,4.616,4.921,5.145,5.525,1.454,1.145,Dốc lên (Steep Normal)
2017-10-02,3.688,3.996,4.253,4.611,4.916,5.138,5.517,1.45,1.142,Dốc lên (Steep Normal)
2017-10-09,3.684,3.992,4.249,4.605,4.908,5.129,5.507,1.445,1.137,Dốc lên (Steep Normal)
2017-10-16,3.676,3.984,4.24,4.595,4.897,5.117,5.493,1.441,1.133,Dốc lên (Steep Normal)
2017-10-23,3.662,3.969,4.224,4.578,4.878,5.099,5.472,1.437,1.13,Dốc lên (Steep Normal)
2017-10-30,3.639,3.946,4.199,4.552,4.851,5.072,5.442,1.433,1.126,Dốc lên (Steep Normal)
2017-11-06,3.607,3.913,4.166,4.516,4.814,5.036,5.403,1.429,1.123,Dốc lên (Steep Normal)
2017-11-13,3.568,3.872,4.124,4.473,4.77,4.994,5.357,1.426,1.122,Dốc lên (Steep Normal)
2017-11-20,3.525,3.828,4.078,4.426,4.721,4.948,5.306,1.423,1.12,Dốc lên (Steep Normal)
2017-11-27,3.481,3.782,4.032,4.378,4.672,4.902,5.256,1.421,1.12,Dốc lên (Steep Normal)
2017-12-04,3.441,3.741,3.989,4.334,4.627,4.861,5.21,1.42,1.12,Dốc lên (Steep Normal)
2017-12-11,3.409,3.708,3.955,4.298,4.591,4.829,5.173,1.42,1.121,Dốc lên (Steep Normal)
2017-12-18,3.388,3.685,3.931,4.273,4.565,4.808,5.148,1.42,1.123,Dốc lên (Steep Normal)
2017-12-25,3.378,3.675,3.92,4.261,4.552,4.799,5.135,1.421,1.124,Dốc lên (Steep Normal)
2018-01-01,3.38,3.675,3.92,4.26,4.551,4.803,5.134,1.423,1.128,Dốc lên (Steep Normal)
2018-01-08,3.392,3.686,3.93,4.269,4.561,4.817,5.145,1.425,1.131,Dốc lên (Steep Normal)
2018-01-15,3.408,3.701,3.944,4.284,4.575,4.836,5.161,1.428,1.135,Dốc lên (Steep Normal)
2018-01-22,3.424,3.716,3.959,4.299,4.59,4.855,5.178,1.431,1.139,Dốc lên (Steep Normal)
2018-01-29,3.436,3.728,3.97,4.31,4.602,4.871,5.192,1.435,1.143,Dốc lên (Steep Normal)
2018-02-05,3.441,3.732,3.974,4.315,4.607,4.879,5.2,1.438,1.147,Dốc lên (Steep Normal)
2018-02-12,3.437,3.728,3.97,4.311,4.605,4.88,5.2,1.443,1.152,Dốc lên (Steep Normal)
2018-02-19,3.424,3.715,3.958,4.3,4.595,4.872,5.192,1.448,1.157,Dốc lên (Steep Normal)
2018-02-26,3.405,3.696,3.94,4.282,4.579,4.857,5.179,1.452,1.161,Dốc lên (Steep Normal)
2018-03-05,3.382,3.674,3.918,4.262,4.559,4.839,5.162,1.457,1.165,Dốc lên (Steep Normal)
2018-03-12,3.359,3.651,3.896,4.241,4.54,4.82,5.146,1.461,1.169,Dốc lên (Steep Normal)
2018-03-19,3.338,3.631,3.876,4.223,4.523,4.803,5.131,1.465,1.172,Dốc lên (Steep Normal)
2018-03-26,3.321,3.615,3.861,4.21,4.511,4.79,5.122,1.469,1.175,Dốc lên (Steep Normal)
2018-04-02,3.308,3.603,3.851,4.201,4.504,4.781,5.116,1.473,1.178,Dốc lên (Steep Normal)
2018-04-09,3.299,3.595,3.844,4.196,4.5,4.774,5.114,1.475,1.179,Dốc lên (Steep Normal)
2018-04-16,3.291,3.588,3.839,4.192,4.497,4.768,5.113,1.477,1.18,Dốc lên (Steep Normal)
2018-04-23,3.281,3.58,3.831,4.185,4.492,4.76,5.109,1.479,1.18,Dốc lên (Steep Normal)
2018-04-30,3.266,3.566,3.818,4.174,4.481,4.745,5.099,1.479,1.179,Dốc lên (Steep Normal)
2018-05-07,3.243,3.545,3.798,4.156,4.464,4.723,5.081,1.48,1.178,Dốc lên (Steep Normal)
2018-05-14,3.213,3.516,3.77,4.129,4.437,4.693,5.055,1.48,1.177,Dốc lên (Steep Normal)
2018-05-21,3.176,3.48,3.735,4.095,4.404,4.654,5.021,1.478,1.174,Dốc lên (Steep Normal)
2018-05-28,3.135,3.44,3.696,4.056,4.365,4.611,4.981,1.476,1.171,Dốc lên (Steep Normal)
2018-06-04,3.092,3.399,3.656,4.016,4.325,4.566,4.939,1.474,1.167,Dốc lên (Steep Normal)
2018-06-11,3.054,3.362,3.619,3.979,4.288,4.525,4.901,1.471,1.163,Dốc lên (Steep Normal)
2018-06-18,3.024,3.332,3.59,3.95,4.258,4.491,4.869,1.467,1.159,Dốc lên (Steep Normal)
2018-06-25,3.005,3.314,3.571,3.931,4.239,4.468,4.848,1.463,1.154,Dốc lên (Steep Normal)
2018-07-02,2.999,3.308,3.565,3.925,4.231,4.458,4.838,1.459,1.15,Dốc lên (Steep Normal)
2018-07-09,3.005,3.314,3.571,3.93,4.236,4.46,4.839,1.455,1.146,Dốc lên (Steep Normal)
2018-07-16,3.021,3.33,3.587,3.945,4.249,4.471,4.85,1.45,1.141,Dốc lên (Steep Normal)
2018-07-23,3.044,3.352,3.608,3.965,4.268,4.489,4.867,1.445,1.137,Dốc lên (Steep Normal)
2018-07-30,3.068,3.376,3.631,3.987,4.289,4.509,4.884,1.441,1.133,Dốc lên (Steep Normal)
2018-08-06,3.089,3.397,3.651,4.005,4.306,4.526,4.899,1.437,1.129,Dốc lên (Steep Normal)
2018-08-13,3.105,3.411,3.665,4.017,4.316,4.537,4.907,1.432,1.126,Dốc lên (Steep Normal)
2018-08-20,3.111,3.417,3.669,4.02,4.318,4.54,4.906,1.429,1.123,Dốc lên (Steep Normal)
2018-08-27,3.109,3.413,3.665,4.014,4.31,4.535,4.897,1.426,1.122,Dốc lên (Steep Normal)
2018-09-03,3.099,3.402,3.652,4.0,4.295,4.522,4.88,1.423,1.12,Dốc lên (Steep Normal)
2018-09-10,3.083,3.385,3.634,3.98,4.274,4.505,4.858,1.422,1.12,Dốc lên (Steep Normal)
2018-09-17,3.065,3.365,3.614,3.958,4.252,4.486,4.834,1.421,1.121,Dốc lên (Steep Normal)
2018-09-24,3.048,3.347,3.594,3.937,4.23,4.468,4.812,1.42,1.121,Dốc lên (Steep Normal)
2018-10-01,3.033,3.331,3.577,3.919,4.211,4.453,4.793,1.42,1.122,Dốc lên (Steep Normal)
2018-10-08,3.022,3.318,3.563,3.904,4.196,4.443,4.778,1.421,1.125,Dốc lên (Steep Normal)
2018-10-15,3.013,3.308,3.553,3.893,4.184,4.436,4.767,1.423,1.128,Dốc lên (Steep Normal)
2018-10-22,3.005,3.299,3.543,3.883,4.174,4.43,4.758,1.425,1.131,Dốc lên (Steep Normal)
2018-10-29,2.995,3.288,3.531,3.871,4.162,4.423,4.748,1.428,1.135,Dốc lên (Steep Normal)
2018-11-05,2.979,3.272,3.514,3.854,4.146,4.41,4.733,1.431,1.138,Dốc lên (Steep Normal)
2018-11-12,2.956,3.248,3.49,3.83,4.122,4.391,4.712,1.435,1.143,Dốc lên (Steep Normal)
2018-11-19,2.924,3.215,3.458,3.798,4.091,4.363,4.683,1.439,1.148,Dốc lên (Steep Normal)
2018-11-26,2.884,3.175,3.417,3.758,4.052,4.327,4.647,1.443,1.152,Dốc lên (Steep Normal)
2018-12-03,2.837,3.128,3.371,3.713,4.008,4.285,4.605,1.448,1.157,Dốc lên (Steep Normal)
2018-12-10,2.788,3.079,3.322,3.665,3.961,4.24,4.562,1.452,1.161,Dốc lên (Steep Normal)
2018-12-17,2.74,3.032,3.276,3.62,3.918,4.197,4.52,1.457,1.165,Dốc lên (Steep Normal)
2018-12-24,2.699,2.992,3.237,3.582,3.881,4.161,4.486,1.462,1.169,Dốc lên (Steep Normal)
2018-12-31,2.669,2.962,3.207,3.554,3.855,4.134,4.463,1.465,1.172,Dốc lên (Steep Normal)
2019-01-07,2.65,2.944,3.191,3.54,3.841,4.12,4.452,1.47,1.176,Dốc lên (Steep Normal)
2019-01-14,2.645,2.94,3.188,3.538,3.841,4.117,4.453,1.472,1.177,Dốc lên (Steep Normal)
2019-01-21,2.651,2.947,3.196,3.548,3.852,4.126,4.466,1.475,1.179,Dốc lên (Steep Normal)
2019-01-28,2.665,2.963,3.213,3.566,3.871,4.142,4.487,1.477,1.179,Dốc lên (Steep Normal)
2019-02-04,2.683,2.982,3.233,3.588,3.894,4.162,4.511,1.479,1.18,Dốc lên (Steep Normal)
2019-02-11,2.701,3.001,3.253,3.609,3.917,4.181,4.534,1.48,1.18,Dốc lên (Steep Normal)
2019-02-18,2.714,3.016,3.269,3.626,3.934,4.194,4.552,1.48,1.178,Dốc lên (Steep Normal)
2019-02-25,2.72,3.024,3.278,3.636,3.945,4.2,4.562,1.48,1.176,Dốc lên (Steep Normal)
2019-03-04,2.719,3.023,3.279,3.638,3.947,4.197,4.564,1.478,1.174,Dốc lên (Steep Normal)
2019-03-11,2.71,3.016,3.272,3.632,3.941,4.187,4.557,1.477,1.171,Dốc lên (Steep Normal)
2019-03-18,2.697,3.003,3.26,3.62,3.929,4.17,4.544,1.473,1.167,Dốc lên (Steep Normal)
2019-03-25,2.681,2.988,3.245,3.606,3.914,4.151,4.527,1.47,1.163,Dốc lên (Steep Normal)
2019-04-01,2.666,2.974,3.231,3.592,3.9,4.133,4.511,1.467,1.159,Dốc lên (Steep Normal)
2019-04-08,2.654,2.963,3.22,3.58,3.888,4.117,4.496,1.463,1.154,Dốc lên (Steep Normal)
2019-04-15,2.647,2.955,3.213,3.572,3.879,4.105,4.485,1.458,1.15,Dốc lên (Steep Normal)
2019-04-22,2.643,2.952,3.209,3.568,3.874,4.097,4.477,1.454,1.145,Dốc lên (Steep Normal)
2019-04-29,2.642,2.951,3.207,3.565,3.87,4.092,4.471,1.45,1.141,Dốc lên (Steep Normal)
2019-05-06,2.64,2.948,3.205,3.561,3.864,4.085,4.463,1.445,1.137,Dốc lên (Steep Normal)
2019-05-13,2.634,2.942,3.197,3.553,3.855,4.075,4.45,1.441,1.133,Dốc lên (Steep Normal)
2019-05-20,2.621,2.929,3.183,3.537,3.838,4.058,4.431,1.437,1.129,Dốc lên (Steep Normal)
2019-05-27,2.6,2.906,3.16,3.512,3.812,4.032,4.402,1.432,1.126,Dốc lên (Steep Normal)
2019-06-03,2.57,2.875,3.128,3.479,3.776,3.999,4.365,1.429,1.124,Dốc lên (Steep Normal)
2019-06-10,2.532,2.837,3.088,3.437,3.734,3.958,4.32,1.426,1.121,Dốc lên (Steep Normal)
2019-06-17,2.491,2.794,3.044,3.392,3.687,3.914,4.272,1.423,1.12,Dốc lên (Steep Normal)
2019-06-24,2.448,2.75,3.0,3.346,3.64,3.87,4.223,1.422,1.12,Dốc lên (Steep Normal)
2019-07-01,2.411,2.711,2.959,3.304,3.597,3.831,4.18,1.42,1.12,Dốc lên (Steep Normal)
2019-07-08,2.381,2.68,2.927,3.27,3.563,3.801,4.145,1.42,1.121,Dốc lên (Steep Normal)
2019-07-15,2.362,2.66,2.906,3.248,3.54,3.783,4.122,1.421,1.123,Dốc lên (Steep Normal)
2019-07-22,2.355,2.652,2.897,3.238,3.529,3.777,4.112,1.422,1.125,Dốc lên (Steep Normal)
2019-07-29,2.359,2.654,2.899,3.239,3.53,3.782,4.114,1.423,1.128,Dốc lên (Steep Normal)
2019-08-05,2.371,2.665,2.909,3.249,3.54,3.796,4.125,1.425,1.131,Dốc lên (Steep Normal)
2019-08-12,2.388,2.681,2.924,3.263,3.555,3.815,4.141,1.427,1.134,Dốc lên (Steep Normal)
2019-08-19,2.404,2.696,2.939,3.278,3.57,3.835,4.158,1.431,1.139,Dốc lên (Steep Normal)
2019-08-26,2.415,2.707,2.949,3.289,3.581,3.85,4.171,1.435,1.143,Dốc lên (Steep Normal)
2019-09-02,2.42,2.711,2.953,3.294,3.587,3.859,4.179,1.439,1.148,Dốc lên (Steep Normal)
2019-09-09,2.415,2.706,2.949,3.29,3.584,3.859,4.179,1.444,1.153,Dốc lên (Steep Normal)
2019-09-16,2.402,2.693,2.936,3.278,3.573,3.85,4.171,1.448,1.157,Dốc lên (Steep Normal)
2019-09-23,2.383,2.674,2.918,3.261,3.557,3.836,4.157,1.453,1.162,Dốc lên (Steep Normal)
2019-09-30,2.36,2.652,2.896,3.24,3.538,3.817,4.141,1.457,1.165,Dốc lên (Steep Normal)
2019-10-07,2.337,2.629,2.874,3.219,3.518,3.798,4.124,1.461,1.169,Dốc lên (Steep Normal)
2019-10-14,2.316,2.609,2.855,3.202,3.502,3.781,4.11,1.465,1.172,Dốc lên (Steep Normal)
2019-10-21,2.299,2.593,2.84,3.188,3.49,3.768,4.1,1.469,1.175,Dốc lên (Steep Normal)
2019-10-28,2.287,2.582,2.83,3.18,3.483,3.759,4.095,1.472,1.177,Dốc lên (Steep Normal)
2019-11-04,2.278,2.574,2.823,3.175,3.479,3.753,4.093,1.475,1.179,Dốc lên (Steep Normal)
2019-11-11,2.27,2.567,2.817,3.17,3.476,3.747,4.092,1.477,1.18,Dốc lên (Steep Normal)
2019-11-18,2.259,2.558,2.809,3.164,3.471,3.738,4.087,1.479,1.18,Dốc lên (Steep Normal)
2019-11-25,2.244,2.544,2.797,3.153,3.46,3.724,4.077,1.48,1.18,Dốc lên (Steep Normal)
2019-12-02,2.221,2.523,2.776,3.134,3.442,3.701,4.059,1.48,1.178,Dốc lên (Steep Normal)
2019-12-09,2.191,2.494,2.748,3.107,3.415,3.67,4.033,1.479,1.176,Dốc lên (Steep Normal)
2019-12-16,2.153,2.458,2.713,3.072,3.381,3.632,3.998,1.479,1.174,Dốc lên (Steep Normal)
2019-12-23,2.112,2.417,2.673,3.033,3.342,3.588,3.958,1.476,1.171,Dốc lên (Steep Normal)
2019-12-30,2.07,2.376,2.633,2.993,3.302,3.544,3.917,1.474,1.168,Dốc lên (Steep Normal)
2020-01-06,1.2,1.2,1.449,1.809,2.118,2.355,2.731,1.155,1.155,Dốc lên (Steep Normal)
2020-01-13,1.2,1.2,1.424,1.784,2.092,2.325,2.703,1.125,1.125,Dốc lên (Steep Normal)
2020-01-20,1.2,1.2,1.409,1.769,2.077,2.306,2.685,1.106,1.106,Dốc lên (Steep Normal)
2020-01-27,1.2,1.2,1.407,1.767,2.073,2.3,2.68,1.1,1.1,Dốc lên (Steep Normal)
2020-02-03,1.2,1.2,1.417,1.776,2.082,2.306,2.685,1.106,1.106,Dốc lên (Steep Normal)
2020-02-10,1.2,1.2,1.437,1.795,2.099,2.321,2.7,1.121,1.121,Dốc lên (Steep Normal)
2020-02-17,1.2,1.207,1.463,1.82,2.123,2.343,2.721,1.143,1.136,Dốc lên (Steep Normal)
2020-02-24,1.2,1.235,1.49,1.845,2.147,2.367,2.743,1.167,1.132,Dốc lên (Steep Normal)
2020-03-02,1.2,1.26,1.514,1.868,2.169,2.389,2.762,1.189,1.129,Dốc lên (Steep Normal)
2020-03-09,1.2,1.279,1.532,1.885,2.184,2.405,2.774,1.205,1.126,Dốc lên (Steep Normal)
2020-03-16,1.2,1.289,1.542,1.892,2.19,2.412,2.779,1.212,1.123,Dốc lên (Steep Normal)
2020-03-23,1.2,1.29,1.542,1.891,2.188,2.412,2.774,1.212,1.122,Dốc lên (Steep Normal)
2020-03-30,1.2,1.285,1.535,1.883,2.178,2.405,2.763,1.205,1.12,Dốc lên (Steep Normal)
2020-04-06,1.2,1.274,1.523,1.869,2.163,2.394,2.747,1.194,1.12,Dốc lên (Steep Normal)
2020-04-13,1.2,1.261,1.509,1.854,2.147,2.381,2.73,1.181,1.12,Dốc lên (Steep Normal)
2020-04-20,1.2,1.249,1.496,1.84,2.132,2.37,2.714,1.17,1.121,Dốc lên (Steep Normal)
2020-04-27,1.2,1.241,1.487,1.829,2.121,2.363,2.703,1.163,1.122,Dốc lên (Steep Normal)
2020-05-04,1.2,1.236,1.481,1.822,2.114,2.361,2.696,1.161,1.125,Dốc lên (Steep Normal)
2020-05-11,1.2,1.235,1.479,1.819,2.11,2.362,2.694,1.162,1.127,Dốc lên (Steep Normal)
2020-05-18,1.2,1.234,1.478,1.818,2.109,2.365,2.693,1.165,1.131,Dốc lên (Steep Normal)
2020-05-25,1.2,1.232,1.475,1.815,2.106,2.367,2.692,1.167,1.135,Dốc lên (Steep Normal)
2020-06-01,1.2,1.225,1.468,1.808,2.099,2.364,2.687,1.164,1.139,Dốc lên (Steep Normal)
2020-06-08,1.2,1.212,1.454,1.794,2.086,2.355,2.676,1.155,1.143,Dốc lên (Steep Normal)
2020-06-15,1.2,1.2,1.432,1.772,2.066,2.338,2.658,1.138,1.138,Dốc lên (Steep Normal)
2020-06-22,1.2,1.2,1.403,1.744,2.038,2.313,2.633,1.113,1.113,Dốc lên (Steep Normal)
2020-06-29,1.2,1.2,1.368,1.71,2.005,2.282,2.603,1.082,1.082,Dốc lên (Steep Normal)
2020-07-06,1.2,1.2,1.332,1.675,1.971,2.25,2.572,1.05,1.05,Dốc lên (Steep Normal)
2020-07-13,1.2,1.2,1.299,1.643,1.941,2.221,2.544,1.021,1.021,Dốc lên (Steep Normal)
2020-07-20,1.2,1.2,1.274,1.619,1.918,2.198,2.524,0.998,0.998,Dốc lên (Steep Normal)
2020-07-27,1.2,1.2,1.259,1.606,1.907,2.186,2.515,0.986,0.986,Dốc lên (Steep Normal)
2020-08-03,1.2,1.2,1.258,1.607,1.908,2.187,2.519,0.987,0.987,Dốc lên (Steep Normal)
2020-08-10,1.2,1.2,1.271,1.621,1.924,2.2,2.536,1.0,1.0,Dốc lên (Steep Normal)
2020-08-17,1.2,1.2,1.295,1.647,1.951,2.225,2.565,1.025,1.025,Dốc lên (Steep Normal)
2020-08-24,1.2,1.2,1.328,1.681,1.987,2.258,2.602,1.058,1.058,Dốc lên (Steep Normal)
2020-08-31,1.2,1.2,1.365,1.72,2.026,2.294,2.643,1.094,1.094,Dốc lên (Steep Normal)
2020-09-07,1.2,1.2,1.402,1.759,2.066,2.33,2.683,1.13,1.13,Dốc lên (Steep Normal)
2020-09-14,1.2,1.2,1.436,1.793,2.101,2.36,2.719,1.16,1.16,Dốc lên (Steep Normal)
2020-09-21,1.2,1.208,1.462,1.82,2.129,2.384,2.747,1.184,1.176,Dốc lên (Steep Normal)
2020-09-28,1.2,1.226,1.481,1.84,2.149,2.399,2.766,1.199,1.173,Dốc lên (Steep Normal)
2020-10-05,1.2,1.237,1.493,1.853,2.162,2.407,2.778,1.207,1.17,Dốc lên (Steep Normal)
2020-10-12,1.2,1.243,1.5,1.86,2.169,2.41,2.784,1.21,1.167,Dốc lên (Steep Normal)
2020-10-19,1.2,1.248,1.505,1.865,2.174,2.411,2.787,1.211,1.163,Dốc lên (Steep Normal)
2020-10-26,1.2,1.254,1.511,1.871,2.179,2.412,2.79,1.212,1.158,Dốc lên (Steep Normal)
2020-11-02,1.2,1.263,1.52,1.88,2.188,2.417,2.796,1.217,1.154,Dốc lên (Steep Normal)
2020-11-09,1.2,1.276,1.534,1.893,2.2,2.426,2.806,1.226,1.15,Dốc lên (Steep Normal)
2020-11-16,1.2,1.294,1.551,1.909,2.215,2.439,2.819,1.239,1.145,Dốc lên (Steep Normal)
2020-11-23,1.2,1.313,1.57,1.928,2.232,2.454,2.833,1.254,1.141,Dốc lên (Steep Normal)
2020-11-30,1.2,1.332,1.588,1.944,2.248,2.468,2.846,1.268,1.136,Dốc lên (Steep Normal)
2020-12-07,1.2,1.346,1.602,1.957,2.259,2.479,2.854,1.279,1.133,Dốc lên (Steep Normal)
2020-12-14,1.2,1.354,1.609,1.962,2.263,2.483,2.856,1.283,1.129,Dốc lên (Steep Normal)
2020-12-21,1.2,1.353,1.607,1.959,2.258,2.479,2.849,1.279,1.126,Dốc lên (Steep Normal)
2020-12-28,1.2,1.343,1.596,1.946,2.244,2.466,2.832,1.266,1.123,Dốc lên (Steep Normal)
2021-01-04,1.2,1.325,1.577,1.926,2.223,2.447,2.809,1.247,1.122,Dốc lên (Steep Normal)
2021-01-11,1.2,1.304,1.554,1.902,2.197,2.424,2.782,1.224,1.12,Dốc lên (Steep Normal)
2021-01-18,1.2,1.282,1.531,1.877,2.171,2.402,2.755,1.202,1.12,Dốc lên (Steep Normal)
2021-01-25,1.2,1.264,1.513,1.857,2.15,2.385,2.733,1.185,1.121,Dốc lên (Steep Normal)
2021-02-01,1.2,1.255,1.502,1.845,2.138,2.376,2.72,1.176,1.121,Dốc lên (Steep Normal)
2021-02-08,1.2,1.256,1.502,1.845,2.136,2.379,2.719,1.179,1.123,Dốc lên (Steep Normal)
2021-02-15,1.2,1.269,1.515,1.856,2.147,2.394,2.73,1.194,1.125,Dốc lên (Steep Normal)
2021-02-22,1.2,1.293,1.538,1.878,2.169,2.421,2.753,1.221,1.128,Dốc lên (Steep Normal)
2021-03-01,1.2,1.325,1.569,1.908,2.2,2.456,2.784,1.256,1.131,Dốc lên (Steep Normal)
2021-03-08,1.2,1.36,1.604,1.943,2.234,2.495,2.821,1.295,1.135,Dốc lên (Steep Normal)
2021-03-15,1.2,1.395,1.638,1.978,2.269,2.534,2.857,1.334,1.139,Dốc lên (Steep Normal)
2021-03-22,1.2,1.426,1.668,2.008,2.3,2.569,2.891,1.369,1.143,Dốc lên (Steep Normal)
2021-03-29,1.2,1.449,1.691,2.031,2.324,2.597,2.917,1.397,1.148,Dốc lên (Steep Normal)
2021-04-05,1.2,1.463,1.705,2.046,2.34,2.615,2.935,1.415,1.152,Dốc lên (Steep Normal)
2021-04-12,1.2,1.468,1.711,2.053,2.348,2.625,2.946,1.425,1.157,Dốc lên (Steep Normal)
2021-04-19,1.2,1.467,1.71,2.053,2.349,2.628,2.95,1.428,1.161,Dốc lên (Steep Normal)
2021-04-26,1.2,1.462,1.706,2.05,2.348,2.627,2.951,1.427,1.165,Dốc lên (Steep Normal)
2021-05-03,1.2,1.456,1.701,2.047,2.346,2.626,2.951,1.426,1.17,Dốc lên (Steep Normal)
2021-05-10,1.2,1.453,1.699,2.046,2.346,2.626,2.954,1.426,1.173,Dốc lên (Steep Normal)
2021-05-17,1.2,1.453,1.7,2.049,2.35,2.629,2.961,1.429,1.176,Dốc lên (Steep Normal)
2021-05-24,1.2,1.458,1.706,2.056,2.359,2.636,2.972,1.436,1.178,Dốc lên (Steep Normal)
2021-05-31,1.2,1.465,1.714,2.066,2.37,2.644,2.985,1.444,1.179,Dốc lên (Steep Normal)
2021-06-07,1.2,1.473,1.723,2.077,2.382,2.653,2.998,1.453,1.18,Dốc lên (Steep Normal)
2021-06-14,1.2,1.478,1.729,2.084,2.391,2.658,3.007,1.458,1.18,Dốc lên (Steep Normal)
2021-06-21,1.2,1.477,1.73,2.086,2.393,2.657,3.011,1.457,1.18,Dốc lên (Steep Normal)
2021-06-28,1.2,1.469,1.722,2.08,2.388,2.647,3.006,1.447,1.178,Dốc lên (Steep Normal)
2021-07-05,1.2,1.452,1.707,2.065,2.373,2.628,2.991,1.428,1.176,Dốc lên (Steep Normal)
2021-07-12,1.2,1.428,1.683,2.042,2.351,2.601,2.968,1.401,1.173,Dốc lên (Steep Normal)
2021-07-19,1.2,1.399,1.655,2.015,2.323,2.569,2.94,1.369,1.17,Dốc lên (Steep Normal)
2021-07-26,1.2,1.369,1.625,1.986,2.294,2.536,2.909,1.336,1.167,Dốc lên (Steep Normal)
2021-08-02,1.2,1.342,1.599,1.96,2.268,2.505,2.881,1.305,1.163,Dốc lên (Steep Normal)
2021-08-09,1.2,1.323,1.581,1.941,2.249,2.482,2.86,1.282,1.159,Dốc lên (Steep Normal)
2021-08-16,1.2,1.315,1.572,1.933,2.24,2.469,2.849,1.269,1.154,Dốc lên (Steep Normal)
2021-08-23,1.2,1.319,1.576,1.936,2.242,2.469,2.848,1.269,1.15,Dốc lên (Steep Normal)
2021-08-30,1.2,1.334,1.591,1.95,2.256,2.479,2.859,1.279,1.145,Dốc lên (Steep Normal)
2021-09-06,1.2,1.359,1.615,1.973,2.277,2.499,2.878,1.299,1.14,Dốc lên (Steep Normal)
2021-09-13,1.2,1.388,1.645,2.001,2.304,2.525,2.902,1.325,1.137,Dốc lên (Steep Normal)
2021-09-20,1.2,1.419,1.674,2.03,2.331,2.551,2.927,1.351,1.132,Dốc lên (Steep Normal)
2021-09-27,1.2,1.446,1.7,2.054,2.355,2.575,2.948,1.375,1.129,Dốc lên (Steep Normal)
2021-10-04,1.2,1.466,1.719,2.072,2.371,2.592,2.961,1.392,1.126,Dốc lên (Steep Normal)
2021-10-11,1.2,1.476,1.729,2.08,2.377,2.6,2.966,1.4,1.124,Dốc lên (Steep Normal)
2021-10-18,1.2,1.478,1.729,2.078,2.375,2.599,2.961,1.399,1.121,Dốc lên (Steep Normal)
2021-10-25,1.2,1.471,1.721,2.069,2.364,2.591,2.949,1.391,1.12,Dốc lên (Steep Normal)
2021-11-01,1.2,1.458,1.708,2.053,2.348,2.578,2.931,1.378,1.12,Dốc lên (Steep Normal)
2021-11-08,1.2,1.443,1.692,2.036,2.329,2.564,2.912,1.364,1.121,Dốc lên (Steep Normal)
2021-11-15,1.2,1.429,1.676,2.019,2.312,2.55,2.894,1.35,1.121,Dốc lên (Steep Normal)
2021-11-22,1.2,1.417,1.663,2.005,2.297,2.54,2.879,1.34,1.123,Dốc lên (Steep Normal)
2021-11-29,1.2,1.409,1.654,1.995,2.286,2.534,2.869,1.334,1.125,Dốc lên (Steep Normal)
2021-12-06,1.2,1.403,1.647,1.987,2.279,2.531,2.862,1.331,1.128,Dốc lên (Steep Normal)
2021-12-13,1.2,1.397,1.641,1.981,2.272,2.528,2.856,1.328,1.131,Dốc lên (Steep Normal)
2021-12-20,1.2,1.389,1.632,1.972,2.263,2.524,2.849,1.324,1.135,Dốc lên (Steep Normal)
2021-12-27,1.2,1.376,1.619,1.958,2.25,2.515,2.838,1.315,1.139,Dốc lên (Steep Normal)
2022-01-03,1.2,1.37,1.612,1.952,2.244,2.513,2.834,1.313,1.143,Dốc lên (Steep Normal)
2022-01-10,1.2,1.382,1.624,1.964,2.257,2.53,2.85,1.33,1.148,Dốc lên (Steep Normal)
2022-01-17,1.2,1.385,1.628,1.969,2.263,2.538,2.858,1.338,1.153,Dốc lên (Steep Normal)
2022-01-24,1.2,1.383,1.626,1.968,2.263,2.541,2.861,1.341,1.158,Dốc lên (Steep Normal)
2022-01-31,1.2,1.379,1.623,1.966,2.262,2.541,2.862,1.341,1.162,Dốc lên (Steep Normal)
2022-02-07,1.2,1.378,1.622,1.966,2.264,2.543,2.867,1.343,1.165,Dốc lên (Steep Normal)
2022-02-14,1.2,1.383,1.628,1.974,2.273,2.553,2.878,1.353,1.17,Dốc lên (Steep Normal)
2022-02-21,1.2,1.399,1.645,1.992,2.292,2.572,2.901,1.372,1.173,Dốc lên (Steep Normal)
2022-02-28,1.2,1.428,1.675,2.023,2.325,2.603,2.936,1.403,1.175,Dốc lên (Steep Normal)
2022-03-07,1.2,1.47,1.718,2.068,2.371,2.647,2.983,1.447,1.177,Dốc lên (Steep Normal)
2022-03-14,1.226,1.523,1.772,2.123,2.428,2.702,3.042,1.476,1.179,Dốc lên (Steep Normal)
2022-03-21,2.083,2.216,2.329,2.489,2.63,2.763,2.916,0.68,0.547,Bình thường (Normal)
2022-03-28,2.146,2.281,2.394,2.557,2.698,2.828,2.985,0.682,0.547,Bình thường (Normal)
2022-04-04,2.209,2.344,2.459,2.623,2.765,2.891,3.053,0.682,0.547,Bình thường (Normal)
2022-04-11,2.267,2.404,2.52,2.685,2.828,2.949,3.115,0.682,0.545,Bình thường (Normal)
2022-04-18,2.318,2.456,2.573,2.739,2.882,3.0,3.17,0.682,0.544,Bình thường (Normal)
2022-04-25,2.361,2.5,2.618,2.785,2.929,3.041,3.216,0.68,0.541,Bình thường (Normal)
2022-05-02,2.397,2.537,2.656,2.823,2.967,3.075,3.253,0.678,0.538,Bình thường (Normal)
2022-05-09,2.428,2.569,2.688,2.856,3.0,3.104,3.285,0.676,0.535,Bình thường (Normal)
2022-05-16,2.457,2.599,2.719,2.887,3.03,3.13,3.313,0.673,0.531,Bình thường (Normal)
2022-05-23,2.487,2.63,2.75,2.918,3.061,3.156,3.342,0.669,0.526,Bình thường (Normal)
2022-05-30,2.521,2.664,2.784,2.952,3.094,3.186,3.373,0.665,0.522,Bình thường (Normal)
2022-06-06,2.559,2.702,2.822,2.989,3.131,3.22,3.407,0.661,0.518,Bình thường (Normal)
2022-06-13,2.6,2.744,2.864,3.03,3.171,3.257,3.444,0.657,0.513,Bình thường (Normal)
2022-06-20,2.644,2.788,2.907,3.072,3.212,3.296,3.483,0.652,0.508,Bình thường (Normal)
2022-06-27,2.687,2.83,2.949,3.113,3.251,3.334,3.519,0.647,0.504,Bình thường (Normal)
2022-07-04,2.726,2.869,2.987,3.149,3.286,3.369,3.552,0.643,0.5,Bình thường (Normal)
2022-07-11,2.757,2.9,3.017,3.178,3.313,3.396,3.576,0.639,0.496,Bình thường (Normal)
2022-07-18,2.781,2.922,3.038,3.198,3.332,3.415,3.592,0.634,0.493,Bình thường (Normal)
2022-07-25,2.795,2.935,3.05,3.208,3.341,3.426,3.599,0.631,0.491,Bình thường (Normal)
2022-08-01,2.802,2.941,3.055,3.212,3.343,3.43,3.599,0.628,0.489,Bình thường (Normal)
2022-08-08,2.805,2.943,3.056,3.211,3.341,3.431,3.596,0.626,0.488,Bình thường (Normal)
2022-08-15,2.808,2.945,3.056,3.21,3.339,3.432,3.593,0.624,0.487,Bình thường (Normal)
2022-08-22,2.816,2.951,3.062,3.214,3.342,3.439,3.595,0.623,0.488,Bình thường (Normal)
2022-08-29,2.832,2.966,3.075,3.226,3.353,3.455,3.606,0.623,0.489,Bình thường (Normal)
2022-09-05,2.859,2.992,3.1,3.25,3.377,3.482,3.629,0.623,0.49,Bình thường (Normal)
2022-09-12,2.898,3.029,3.137,3.286,3.412,3.522,3.665,0.624,0.493,Bình thường (Normal)
2022-09-19,2.948,3.078,3.185,3.333,3.459,3.573,3.712,0.625,0.495,Bình thường (Normal)
2022-09-26,3.005,3.134,3.241,3.388,3.514,3.633,3.769,0.628,0.499,Bình thường (Normal)
2022-10-03,3.067,3.195,3.3,3.448,3.574,3.697,3.83,0.63,0.502,Bình thường (Normal)
2022-10-10,3.128,3.255,3.36,3.507,3.634,3.762,3.892,0.634,0.507,Bình thường (Normal)
2022-10-17,3.184,3.311,3.416,3.563,3.69,3.822,3.95,0.638,0.511,Bình thường (Normal)
2022-10-24,3.233,3.359,3.464,3.612,3.74,3.875,4.002,0.642,0.516,Bình thường (Normal)
2022-10-31,3.273,3.399,3.504,3.652,3.781,3.919,4.046,0.646,0.52,Bình thường (Normal)
2022-11-07,3.304,3.43,3.536,3.685,3.815,3.955,4.083,0.651,0.525,Bình thường (Normal)
2022-11-14,3.33,3.456,3.562,3.712,3.844,3.985,4.114,0.655,0.529,Bình thường (Normal)
2022-11-21,3.352,3.478,3.585,3.737,3.869,4.012,4.142,0.66,0.534,Bình thường (Normal)
2022-11-28,3.373,3.501,3.608,3.761,3.895,4.038,4.171,0.665,0.537,Bình thường (Normal)
2022-12-05,3.398,3.526,3.634,3.789,3.924,4.066,4.202,0.668,0.54,Bình thường (Normal)
2022-12-12,3.426,3.556,3.665,3.821,3.958,4.098,4.238,0.672,0.542,Bình thường (Normal)
2022-12-19,3.459,3.59,3.7,3.858,3.996,4.135,4.278,0.676,0.545,Bình thường (Normal)
2022-12-26,3.496,3.627,3.739,3.898,4.037,4.174,4.321,0.678,0.547,Bình thường (Normal)
2023-01-02,3.532,3.665,3.778,3.939,4.079,4.212,4.365,0.68,0.547,Bình thường (Normal)
2023-01-09,3.567,3.701,3.815,3.977,4.118,4.248,4.405,0.681,0.547,Bình thường (Normal)
2023-01-16,3.596,3.731,3.846,4.01,4.152,4.278,4.44,0.682,0.547,Bình thường (Normal)
2023-01-23,3.618,3.755,3.871,4.036,4.179,4.3,4.466,0.682,0.545,Bình thường (Normal)
2023-01-30,3.632,3.77,3.887,4.053,4.196,4.314,4.484,0.682,0.544,Bình thường (Normal)
2023-02-06,3.639,3.779,3.896,4.063,4.207,4.32,4.494,0.681,0.541,Bình thường (Normal)
2023-02-13,3.642,3.783,3.901,4.069,4.213,4.321,4.499,0.679,0.538,Bình thường (Normal)
2023-02-20,3.646,3.787,3.906,4.074,4.218,4.322,4.503,0.676,0.535,Bình thường (Normal)
2023-02-27,3.653,3.796,3.915,4.083,4.227,4.326,4.51,0.673,0.53,Bình thường (Normal)
2023-03-06,3.669,3.812,3.932,4.1,4.243,4.338,4.524,0.669,0.526,Bình thường (Normal)
2023-03-13,3.697,3.84,3.96,4.128,4.27,4.362,4.549,0.665,0.522,Bình thường (Normal)
2023-03-20,2.94,3.248,3.506,3.865,4.172,4.398,4.778,1.458,1.15,Dốc lên (Steep Normal)
2023-03-27,2.992,3.301,3.558,3.917,4.222,4.446,4.826,1.454,1.145,Dốc lên (Steep Normal)
2023-04-03,3.054,3.363,3.62,3.977,4.282,4.503,4.882,1.449,1.14,Dốc lên (Steep Normal)
2023-04-10,3.122,3.43,3.687,4.043,4.346,4.567,4.944,1.445,1.137,Dốc lên (Steep Normal)
2023-04-17,3.191,3.499,3.754,4.11,4.411,4.631,5.007,1.44,1.132,Dốc lên (Steep Normal)
2023-04-24,3.257,3.564,3.819,4.173,4.473,4.693,5.066,1.436,1.129,Dốc lên (Steep Normal)
2023-05-01,3.316,3.623,3.876,4.229,4.528,4.749,5.118,1.433,1.126,Dốc lên (Steep Normal)
2023-05-08,3.367,3.672,3.925,4.276,4.573,4.796,5.162,1.429,1.124,Dốc lên (Steep Normal)
2023-05-15,3.409,3.713,3.964,4.313,4.61,4.834,5.196,1.425,1.121,Dốc lên (Steep Normal)
2023-05-22,3.443,3.746,3.996,4.344,4.639,4.866,5.223,1.423,1.12,Dốc lên (Steep Normal)
2023-05-29,3.472,3.773,4.023,4.369,4.663,4.893,5.246,1.421,1.12,Dốc lên (Steep Normal)
2023-06-05,3.499,3.799,4.047,4.392,4.685,4.919,5.268,1.42,1.12,Dốc lên (Steep Normal)
2023-06-12,3.527,3.826,4.073,4.416,4.708,4.947,5.29,1.42,1.121,Dốc lên (Steep Normal)
2023-06-19,3.557,3.855,4.101,4.443,4.735,4.978,5.317,1.421,1.123,Dốc lên (Steep Normal)
2023-06-26,3.592,3.888,4.133,4.474,4.765,5.013,5.348,1.421,1.125,Dốc lên (Steep Normal)
2023-07-03,3.625,3.92,4.164,4.505,4.796,5.048,5.379,1.423,1.128,Dốc lên (Steep Normal)
2023-07-10,3.626,3.92,4.163,4.503,4.794,5.051,5.379,1.425,1.131,Dốc lên (Steep Normal)
2023-07-17,3.624,3.917,4.16,4.499,4.791,5.052,5.377,1.428,1.135,Dốc lên (Steep Normal)
2023-07-24,3.616,3.909,4.151,4.491,4.783,5.048,5.371,1.432,1.139,Dốc lên (Steep Normal)
2023-07-31,3.601,3.893,4.135,4.475,4.767,5.036,5.357,1.435,1.143,Dốc lên (Steep Normal)
2023-08-07,3.577,3.868,4.111,4.451,4.744,5.016,5.336,1.439,1.148,Dốc lên (Steep Normal)
2023-08-14,3.544,3.835,4.078,4.419,4.713,4.988,5.308,1.444,1.153,Dốc lên (Steep Normal)
2023-08-21,3.506,3.797,4.04,4.382,4.677,4.954,5.275,1.448,1.157,Dốc lên (Steep Normal)
2023-08-28,3.466,3.757,4.0,4.343,4.64,4.919,5.24,1.453,1.162,Dốc lên (Steep Normal)
2023-09-04,3.428,3.719,3.964,4.308,4.605,4.885,5.209,1.457,1.166,Dốc lên (Steep Normal)
2023-09-11,3.397,3.689,3.934,4.279,4.578,4.858,5.184,1.461,1.169,Dốc lên (Steep Normal)
2023-09-18,3.376,3.669,3.915,4.262,4.562,4.842,5.171,1.466,1.173,Dốc lên (Steep Normal)
2023-09-25,3.368,3.662,3.909,4.258,4.559,4.838,5.17,1.47,1.176,Dốc lên (Steep Normal)
2023-10-02,3.373,3.668,3.916,4.266,4.569,4.846,5.182,1.473,1.178,Dốc lên (Steep Normal)
2023-10-09,3.389,3.685,3.934,4.286,4.591,4.864,5.205,1.475,1.179,Dốc lên (Steep Normal)
2023-10-16,3.412,3.71,3.96,4.314,4.619,4.89,5.235,1.478,1.18,Dốc lên (Steep Normal)
2023-10-23,3.44,3.739,3.99,4.345,4.651,4.919,5.268,1.479,1.18,Dốc lên (Steep Normal)
2023-10-30,3.466,3.766,4.019,4.375,4.682,4.946,5.3,1.48,1.18,Dốc lên (Steep Normal)
2023-11-06,3.487,3.789,4.043,4.4,4.708,4.967,5.326,1.48,1.178,Dốc lên (Steep Normal)
2023-11-13,3.502,3.805,4.059,4.418,4.726,4.981,5.344,1.479,1.176,Dốc lên (Steep Normal)
2023-11-20,3.508,3.813,4.068,4.427,4.736,4.986,5.353,1.478,1.173,Dốc lên (Steep Normal)
2023-11-27,3.508,3.813,4.069,4.429,4.738,4.984,5.354,1.476,1.171,Dốc lên (Steep Normal)
2023-12-04,3.502,3.809,4.066,4.426,4.735,4.976,5.349,1.474,1.167,Dốc lên (Steep Normal)
2023-12-11,3.495,3.803,4.06,4.42,4.729,4.966,5.342,1.471,1.163,Dốc lên (Steep Normal)
2023-12-18,3.49,3.798,4.055,4.415,4.723,4.956,5.334,1.466,1.158,Dốc lên (Steep Normal)
2023-12-25,3.487,3.796,4.053,4.413,4.72,4.95,5.329,1.463,1.154,Dốc lên (Steep Normal)
2024-01-01,3.489,3.798,4.055,4.415,4.721,4.947,5.327,1.458,1.149,Dốc lên (Steep Normal)
2024-01-08,3.495,3.804,4.061,4.419,4.725,4.949,5.328,1.454,1.145,Dốc lên (Steep Normal)
2024-01-15,3.502,3.811,4.068,4.425,4.73,4.952,5.331,1.45,1.141,Dốc lên (Steep Normal)
2024-01-22,3.509,3.817,4.074,4.43,4.733,4.954,5.331,1.445,1.137,Dốc lên (Steep Normal)
2024-01-29,3.511,3.819,4.075,4.43,4.731,4.951,5.327,1.44,1.132,Dốc lên (Steep Normal)
2024-02-05,3.506,3.814,4.068,4.422,4.722,4.942,5.315,1.436,1.128,Dốc lên (Steep Normal)
2024-02-12,3.493,3.799,4.053,4.405,4.704,4.925,5.295,1.432,1.126,Dốc lên (Steep Normal)
2024-02-19,3.471,3.776,4.029,4.379,4.677,4.899,5.265,1.428,1.123,Dốc lên (Steep Normal)
2024-02-26,3.441,3.746,3.997,4.346,4.642,4.867,5.229,1.426,1.121,Dốc lên (Steep Normal)
2024-03-04,3.408,3.711,3.961,4.309,4.604,4.832,5.189,1.424,1.121,Dốc lên (Steep Normal)
2024-03-11,3.375,3.677,3.926,4.272,4.566,4.797,5.15,1.422,1.12,Dốc lên (Steep Normal)
2024-03-18,3.347,3.647,3.895,4.24,4.533,4.768,5.116,1.421,1.121,Dốc lên (Steep Normal)
2024-03-25,3.328,3.626,3.873,4.216,4.509,4.748,5.091,1.42,1.122,Dốc lên (Steep Normal)
2024-04-01,3.319,3.616,3.862,4.204,4.496,4.739,5.078,1.42,1.123,Dốc lên (Steep Normal)
2024-04-08,3.322,3.618,3.863,4.205,4.496,4.744,5.079,1.422,1.126,Dốc lên (Steep Normal)
2024-04-15,3.336,3.631,3.875,4.216,4.507,4.759,5.09,1.423,1.128,Dốc lên (Steep Normal)
2024-04-22,3.358,3.652,3.895,4.235,4.526,4.783,5.111,1.425,1.131,Dốc lên (Steep Normal)
2024-04-29,3.383,3.676,3.919,4.259,4.55,4.811,5.136,1.428,1.135,Dốc lên (Steep Normal)
2024-05-06,3.407,3.7,3.942,4.282,4.574,4.839,5.162,1.432,1.139,Dốc lên (Steep Normal)
2024-05-13,3.427,3.719,3.961,4.301,4.594,4.863,5.184,1.436,1.144,Dốc lên (Steep Normal)
2024-05-20,3.44,3.731,3.973,4.314,4.607,4.879,5.199,1.439,1.148,Dốc lên (Steep Normal)
2024-05-27,3.443,3.734,3.977,4.318,4.612,4.887,5.207,1.444,1.153,Dốc lên (Steep Normal)
2024-06-03,3.438,3.729,3.972,4.314,4.609,4.887,5.207,1.449,1.158,Dốc lên (Steep Normal)
2024-06-10,3.427,3.719,3.962,4.305,4.601,4.88,5.202,1.453,1.161,Dốc lên (Steep Normal)
2024-06-17,3.413,3.705,3.949,4.293,4.591,4.871,5.194,1.458,1.166,Dốc lên (Steep Normal)
2024-06-24,3.399,3.691,3.936,4.282,4.581,4.861,5.186,1.462,1.17,Dốc lên (Steep Normal)
2024-07-01,3.387,3.68,3.926,4.273,4.573,4.853,5.182,1.466,1.173,Dốc lên (Steep Normal)
2024-07-08,3.379,3.674,3.921,4.269,4.571,4.849,5.182,1.47,1.175,Dốc lên (Steep Normal)
2024-07-15,3.376,3.672,3.92,4.27,4.573,4.849,5.186,1.473,1.177,Dốc lên (Steep Normal)
2024-07-22,3.376,3.673,3.922,4.274,4.578,4.852,5.193,1.476,1.179,Dốc lên (Steep Normal)
2024-07-29,3.377,3.675,3.925,4.279,4.584,4.855,5.2,1.478,1.18,Dốc lên (Steep Normal)
2024-08-05,3.375,3.674,3.926,4.281,4.587,4.854,5.204,1.479,1.18,Dốc lên (Steep Normal)
2024-08-12,3.368,3.668,3.921,4.277,4.584,4.848,5.202,1.48,1.18,Dốc lên (Steep Normal)
2024-08-19,3.353,3.655,3.909,4.266,4.574,4.833,5.192,1.48,1.178,Dốc lên (Steep Normal)
2024-08-26,3.331,3.634,3.889,4.247,4.556,4.81,5.173,1.479,1.176,Dốc lên (Steep Normal)
2024-09-02,3.302,3.606,3.862,4.221,4.53,4.78,5.147,1.478,1.174,Dốc lên (Steep Normal)
2024-09-09,3.269,3.574,3.83,4.19,4.499,4.745,5.115,1.476,1.171,Dốc lên (Steep Normal)
2024-09-16,3.236,3.542,3.799,4.159,4.468,4.709,5.083,1.473,1.167,Dốc lên (Steep Normal)
2024-09-23,3.208,3.515,3.772,4.133,4.441,4.678,5.054,1.47,1.163,Dốc lên (Steep Normal)
2024-09-30,3.188,3.496,3.753,4.114,4.422,4.654,5.032,1.466,1.158,Dốc lên (Steep Normal)
2024-10-07,3.18,3.488,3.746,4.106,4.413,4.642,5.021,1.462,1.154,Dốc lên (Steep Normal)
2024-10-14,3.184,3.493,3.75,4.11,4.416,4.642,5.022,1.458,1.149,Dốc lên (Steep Normal)
2024-10-21,3.201,3.51,3.767,4.126,4.431,4.655,5.034,1.454,1.145,Dốc lên (Steep Normal)
2024-10-28,3.227,3.536,3.793,4.15,4.454,4.676,5.055,1.449,1.14,Dốc lên (Steep Normal)
2024-11-04,3.259,3.567,3.823,4.18,4.483,4.703,5.081,1.444,1.136,Dốc lên (Steep Normal)
2024-11-11,3.292,3.6,3.855,4.21,4.512,4.732,5.107,1.44,1.132,Dốc lên (Steep Normal)
2024-11-18,3.321,3.629,3.883,4.237,4.537,4.757,5.13,1.436,1.128,Dốc lên (Steep Normal)
2024-11-25,3.344,3.65,3.904,4.256,4.555,4.776,5.146,1.432,1.126,Dốc lên (Steep Normal)
2024-12-02,3.358,3.664,3.916,4.267,4.564,4.787,5.153,1.429,1.123,Dốc lên (Steep Normal)
2024-12-09,3.364,3.668,3.919,4.268,4.564,4.789,5.151,1.425,1.121,Dốc lên (Steep Normal)
2024-12-16,3.361,3.664,3.914,4.262,4.557,4.784,5.142,1.423,1.12,Dốc lên (Steep Normal)
2024-12-23,3.354,3.655,3.905,4.25,4.544,4.775,5.128,1.421,1.12,Dốc lên (Steep Normal)
2024-12-30,3.345,3.645,3.893,4.237,4.53,4.765,5.113,1.42,1.12,Dốc lên (Steep Normal)
2025-01-06,3.337,3.635,3.882,4.225,4.518,4.757,5.1,1.42,1.122,Dốc lên (Steep Normal)
2025-01-13,3.331,3.629,3.875,4.217,4.508,4.751,5.091,1.42,1.122,Dốc lên (Steep Normal)
2025-01-20,3.329,3.625,3.87,4.211,4.503,4.751,5.085,1.422,1.126,Dốc lên (Steep Normal)
2025-01-27,3.33,3.625,3.869,4.209,4.5,4.753,5.084,1.423,1.128,Dốc lên (Steep Normal)
2025-02-03,3.33,3.624,3.868,4.208,4.499,4.756,5.083,1.426,1.132,Dốc lên (Steep Normal)
2025-02-10,3.328,3.621,3.864,4.204,4.495,4.757,5.082,1.429,1.136,Dốc lên (Steep Normal)
2025-02-17,3.321,3.613,3.856,4.195,4.487,4.752,5.075,1.431,1.139,Dốc lên (Steep Normal)
2025-02-24,3.305,3.597,3.839,4.179,4.471,4.74,5.062,1.435,1.143,Dốc lên (Steep Normal)
2025-03-03,3.28,3.572,3.814,4.154,4.447,4.72,5.04,1.44,1.148,Dốc lên (Steep Normal)
2025-03-10,3.248,3.539,3.781,4.122,4.416,4.692,5.012,1.444,1.153,Dốc lên (Steep Normal)
2025-03-17,3.209,3.5,3.743,4.085,4.38,4.658,4.978,1.449,1.158,Dốc lên (Steep Normal)
2025-03-24,3.169,3.46,3.704,4.047,4.343,4.622,4.944,1.453,1.162,Dốc lên (Steep Normal)
2025-03-31,3.131,3.423,3.667,4.011,4.309,4.589,4.912,1.458,1.166,Dốc lên (Steep Normal)
2025-04-07,3.1,3.393,3.638,3.983,4.282,4.562,4.888,1.462,1.169,Dốc lên (Steep Normal)
2025-04-14,3.08,3.373,3.619,3.966,4.267,4.546,4.875,1.466,1.173,Dốc lên (Steep Normal)
2025-04-21,3.073,3.367,3.614,3.963,4.264,4.542,4.875,1.469,1.175,Dốc lên (Steep Normal)
2025-04-28,3.078,3.373,3.621,3.972,4.275,4.551,4.887,1.473,1.178,Dốc lên (Steep Normal)
2025-05-05,3.094,3.391,3.64,3.992,4.296,4.57,4.911,1.476,1.179,Dốc lên (Steep Normal)
2025-05-12,3.118,3.416,3.666,4.02,4.325,4.596,4.941,1.478,1.18,Dốc lên (Steep Normal)
2025-05-19,3.145,3.445,3.696,4.051,4.357,4.624,4.974,1.479,1.179,Dốc lên (Steep Normal)
2025-05-26,3.171,3.472,3.724,4.081,4.388,4.651,5.006,1.48,1.179,Dốc lên (Steep Normal)
2025-06-02,3.193,3.495,3.748,4.106,4.414,4.673,5.031,1.48,1.178,Dốc lên (Steep Normal)
2025-06-09,3.207,3.51,3.764,4.123,4.432,4.686,5.049,1.479,1.176,Dốc lên (Steep Normal)
2025-06-16,3.213,3.517,3.773,4.132,4.441,4.691,5.058,1.478,1.174,Dốc lên (Steep Normal)
2025-06-23,3.212,3.518,3.774,4.134,4.443,4.688,5.059,1.476,1.17,Dốc lên (Steep Normal)
2025-06-30,3.207,3.513,3.77,4.13,4.439,4.68,5.054,1.473,1.167,Dốc lên (Steep Normal)
2025-07-07,3.2,3.507,3.764,4.125,4.433,4.67,5.046,1.47,1.163,Dốc lên (Steep Normal)
2025-07-14,3.194,3.502,3.76,4.12,4.428,4.661,5.039,1.467,1.159,Dốc lên (Steep Normal)
2025-07-21,3.192,3.5,3.758,4.118,4.425,4.654,5.034,1.462,1.154,Dốc lên (Steep Normal)
2025-07-28,3.194,3.503,3.76,4.119,4.426,4.652,5.032,1.458,1.149,Dốc lên (Steep Normal)
2025-08-04,3.2,3.509,3.766,4.124,4.43,4.653,5.033,1.453,1.144,Dốc lên (Steep Normal)
2025-08-11,3.207,3.516,3.773,4.13,4.435,4.656,5.035,1.449,1.14,Dốc lên (Steep Normal)
2025-08-18,3.214,3.522,3.778,4.135,4.438,4.658,5.036,1.444,1.136,Dốc lên (Steep Normal)
2025-08-25,3.216,3.524,3.779,4.134,4.436,4.656,5.031,1.44,1.132,Dốc lên (Steep Normal)
2025-09-01,3.211,3.518,3.773,4.126,4.426,4.647,5.019,1.436,1.129,Dốc lên (Steep Normal)
2025-09-08,3.197,3.503,3.757,4.109,4.408,4.629,4.998,1.432,1.126,Dốc lên (Steep Normal)
2025-09-15,3.174,3.48,3.732,4.083,4.38,4.603,4.969,1.429,1.123,Dốc lên (Steep Normal)
2025-09-22,3.145,3.449,3.7,4.049,4.346,4.571,4.932,1.426,1.122,Dốc lên (Steep Normal)
2025-09-29,3.112,3.414,3.665,4.012,4.307,4.535,4.892,1.423,1.121,Dốc lên (Steep Normal)
2025-10-06,3.079,3.38,3.63,3.975,4.269,4.5,4.853,1.421,1.12,Dốc lên (Steep Normal)
2025-10-13,3.051,3.351,3.599,3.943,4.237,4.471,4.819,1.42,1.12,Dốc lên (Steep Normal)
2025-10-20,3.032,3.33,3.577,3.92,4.213,4.452,4.795,1.42,1.122,Dốc lên (Steep Normal)
2025-10-27,3.024,3.321,3.567,3.909,4.201,4.444,4.783,1.42,1.123,Dốc lên (Steep Normal)
2025-11-03,3.027,3.323,3.568,3.909,4.201,4.449,4.783,1.422,1.126,Dốc lên (Steep Normal)
2025-11-10,3.041,3.336,3.581,3.921,4.212,4.465,4.796,1.424,1.129,Dốc lên (Steep Normal)
2025-11-17,3.063,3.357,3.601,3.941,4.232,4.489,4.816,1.426,1.132,Dốc lên (Steep Normal)
2025-11-24,3.089,3.382,3.625,3.964,4.255,4.517,4.842,1.428,1.135,Dốc lên (Steep Normal)
2025-12-01,3.113,3.405,3.648,3.987,4.279,4.545,4.867,1.432,1.14,Dốc lên (Steep Normal)
2025-12-08,3.133,3.424,3.667,4.007,4.299,4.568,4.889,1.435,1.144,Dốc lên (Steep Normal)
2025-12-15,3.145,3.436,3.678,4.019,4.312,4.584,4.904,1.439,1.148,Dốc lên (Steep Normal)
2025-12-22,3.148,3.439,3.681,4.022,4.316,4.592,4.912,1.444,1.153,Dốc lên (Steep Normal)
2025-12-29,3.143,3.434,3.677,4.019,4.314,4.591,4.912,1.448,1.157,Dốc lên (Steep Normal)
2026-01-05,3.134,3.425,3.669,4.012,4.308,4.587,4.909,1.453,1.162,Dốc lên (Steep Normal)
2026-01-12,3.123,3.415,3.659,4.003,4.301,4.581,4.904,1.458,1.166,Dốc lên (Steep Normal)
2026-01-19,3.112,3.405,3.65,3.995,4.294,4.574,4.9,1.462,1.169,Dốc lên (Steep Normal)
2026-01-26,3.104,3.398,3.644,3.991,4.291,4.571,4.9,1.467,1.173,Dốc lên (Steep Normal)
2026-02-02,3.101,3.395,3.642,3.991,4.292,4.571,4.903,1.47,1.176,Dốc lên (Steep Normal)
2026-02-09,3.101,3.397,3.645,3.995,4.298,4.574,4.911,1.473,1.177,Dốc lên (Steep Normal)
2026-02-16,3.105,3.402,3.651,4.003,4.307,4.581,4.922,1.476,1.179,Dốc lên (Steep Normal)
2026-02-23,3.109,3.407,3.657,4.011,4.316,4.587,4.932,1.478,1.18,Dốc lên (Steep Normal)
2026-03-02,3.111,3.41,3.661,4.016,4.323,4.59,4.94,1.479,1.18,Dốc lên (Steep Normal)
2026-03-09,3.107,3.408,3.66,4.016,4.324,4.587,4.941,1.48,1.179,Dốc lên (Steep Normal)
2026-03-16,3.096,3.398,3.651,4.009,4.317,4.576,4.934,1.48,1.178,Dốc lên (Steep Normal)
2026-03-23,3.076,3.38,3.634,3.993,4.301,4.556,4.919,1.48,1.176,Dốc lên (Steep Normal)
2026-03-30,3.051,3.355,3.611,3.97,4.279,4.529,4.896,1.478,1.174,Dốc lên (Steep Normal)
2026-04-06,3.021,3.327,3.583,3.943,4.252,4.497,4.868,1.476,1.17,Dốc lên (Steep Normal)
2026-04-13,2.992,3.299,3.555,3.916,4.225,4.465,4.839,1.473,1.166,Dốc lên (Steep Normal)
2026-04-20,2.968,3.275,3.532,3.893,4.201,4.438,4.814,1.47,1.163,Dốc lên (Steep Normal)
2026-04-27,2.952,3.26,3.517,3.878,4.186,4.418,4.796,1.466,1.158,Dốc lên (Steep Normal)
2026-05-04,2.948,3.256,3.514,3.874,4.181,4.41,4.79,1.462,1.154,Dốc lên (Steep Normal)
2026-05-11,2.956,3.265,3.523,3.882,4.188,4.414,4.794,1.458,1.149,Dốc lên (Steep Normal)
2026-05-18,2.977,3.286,3.543,3.902,4.207,4.431,4.81,1.454,1.145,Dốc lên (Steep Normal)
2026-05-25,3.007,3.316,3.573,3.93,4.234,4.456,4.835,1.449,1.14,Dốc lên (Steep Normal)
2026-06-01,3.043,3.351,3.607,3.964,4.267,4.487,4.865,1.444,1.136,Dốc lên (Steep Normal)
2026-06-08,3.079,3.387,3.643,3.998,4.299,4.519,4.894,1.44,1.132,Dốc lên (Steep Normal)
2026-06-15,3.112,3.419,3.674,4.028,4.328,4.548,4.921,1.436,1.129,Dốc lên (Steep Normal)
2026-06-22,3.138,3.445,3.698,4.05,4.349,4.57,4.939,1.432,1.125,Dốc lên (Steep Normal)
2026-06-29,3.156,3.461,3.714,4.064,4.362,4.584,4.95,1.428,1.123,Dốc lên (Steep Normal)
2026-07-06,3.104,3.409,3.66,4.009,4.305,4.53,4.891,1.426,1.121,Dốc lên (Steep Normal)
