date,1Y,2Y,3Y,5Y,7Y,10Y,15Y
2016-01-04,4.994,5.431,5.833,6.524,7.061,7.602,7.948
2016-01-11,4.97,5.351,5.814,6.607,7.122,7.535,7.815
2016-01-18,5.149,5.573,5.961,6.63,7.161,7.706,7.995
2016-01-25,5.139,5.538,5.905,6.545,7.058,7.589,7.851
2016-02-01,5.125,5.522,5.887,6.522,7.038,7.604,8.045
2016-02-08,5.256,5.599,5.92,6.493,6.977,7.542,8.074
2016-02-15,5.042,5.365,5.834,6.612,7.045,7.395,8.144
2016-02-22,4.959,5.368,5.748,6.422,6.981,7.602,8.069
2016-02-29,4.861,5.251,5.615,6.265,6.813,7.444,7.992
2016-03-07,4.945,5.316,5.654,6.245,6.752,7.414,8.445
2016-03-14,4.908,5.349,5.752,6.451,7.004,7.566,7.81
2016-03-21,4.907,5.302,5.666,6.304,6.832,7.446,8.093
2016-03-28,4.9,5.315,5.685,6.31,6.807,7.378,8.08
2016-04-04,4.911,5.302,5.681,6.382,6.984,7.641,7.925
2016-04-11,4.829,5.218,5.698,6.453,6.854,7.209,8.317
2016-04-18,5.012,5.373,5.708,6.301,6.801,7.401,8.094
2016-04-25,4.793,5.154,5.665,6.506,6.935,7.236,8.274
2016-05-02,4.956,5.339,5.694,6.325,6.857,7.479,8.106
2016-05-09,4.848,5.188,5.614,6.38,6.924,7.429,7.856
2016-05-16,4.967,5.263,5.558,6.146,6.732,7.606,9.05
2016-05-23,4.713,5.116,5.494,6.178,6.765,7.465,8.158
2016-05-30,4.603,4.984,5.413,6.202,6.808,7.416,7.967
2016-06-06,4.564,4.994,5.422,6.207,6.849,7.529,8.08
2016-06-13,4.48,4.955,5.393,6.159,6.785,7.478,8.037
2016-06-20,4.366,4.898,5.38,6.201,6.846,7.522,8.022
2016-06-27,4.423,4.914,5.366,6.157,6.804,7.518,8.098
2016-07-04,4.507,4.983,5.425,6.205,6.849,7.554,8.043
2016-07-11,4.476,4.981,5.442,6.239,6.875,7.545,7.983
2016-07-18,4.369,4.894,5.375,6.192,6.835,7.526,8.123
2016-07-25,4.44,4.934,5.39,6.191,6.846,7.567,8.112
2016-08-01,4.339,4.892,5.391,6.226,6.868,7.545,8.133
2016-08-08,4.425,4.865,5.321,6.193,6.926,7.679,8.09
2016-08-15,4.399,4.929,5.399,6.181,6.787,7.449,8.198
2016-08-22,4.325,4.825,5.288,6.109,6.79,7.551,8.15
2016-08-29,4.199,4.708,5.166,5.954,6.602,7.376,8.305
2016-09-05,4.185,4.702,5.158,5.922,6.533,7.269,8.316
2016-09-12,4.104,4.621,5.053,5.766,6.37,7.178,8.382
2016-09-19,3.967,4.453,4.891,5.653,6.295,7.09,8.083
2016-09-26,3.881,4.392,4.837,5.58,6.185,6.938,7.972
2016-10-03,3.637,4.09,4.518,5.301,5.992,6.873,7.998
2016-10-10,3.543,3.964,4.364,5.103,5.766,6.629,7.764
2016-10-17,3.505,3.922,4.322,5.07,5.752,6.649,7.82
2016-10-24,3.462,3.92,4.348,5.123,5.8,6.662,7.782
2016-10-31,3.498,3.914,4.316,5.07,5.762,6.682,7.906
2016-11-07,3.545,3.931,4.315,5.069,5.792,6.788,8.112
2016-11-14,3.671,4.098,4.502,5.241,5.896,6.738,7.83
2016-11-21,3.97,4.43,4.819,5.467,6.013,6.728,7.743
2016-11-28,3.973,4.348,4.707,5.381,5.995,6.81,7.902
2016-12-05,4.004,4.42,4.756,5.326,5.858,6.64,7.815
2016-12-12,3.971,4.363,4.732,5.405,6.002,6.775,7.798
2016-12-19,4.299,4.65,4.967,5.549,6.079,6.788,7.771
2016-12-26,4.299,4.639,4.968,5.59,6.164,6.934,7.975
2017-01-02,4.339,4.757,5.056,5.534,6.0,6.734,7.868
2017-01-09,4.215,4.576,4.908,5.499,6.012,6.677,7.625
2017-01-16,4.25,4.617,4.89,5.352,5.81,6.534,7.813
2017-01-23,4.214,4.496,4.781,5.355,5.924,6.742,7.921
2017-01-30,4.189,4.504,4.81,5.395,5.944,6.701,7.785
2017-02-06,4.226,4.498,4.768,5.302,5.826,6.596,7.831
2017-02-13,3.912,4.247,4.531,5.084,5.676,6.578,7.867
2017-02-20,3.945,4.29,4.622,5.252,5.837,6.633,7.753
2017-02-27,4.006,4.281,4.561,5.13,5.7,6.534,7.781
2017-03-06,3.973,4.301,4.619,5.227,5.796,6.584,7.736
2017-03-13,4.02,4.326,4.625,5.204,5.755,6.531,7.688
2017-03-20,4.038,4.334,4.622,5.179,5.709,6.457,7.583
2017-03-27,4.079,4.402,4.713,5.302,5.847,6.581,7.584
2017-04-03,4.179,4.457,4.728,5.249,5.745,6.442,7.493
2017-04-10,4.19,4.46,4.725,5.237,5.725,6.412,7.435
2017-04-17,4.247,4.605,4.85,5.239,5.642,6.322,7.44
2017-04-24,4.201,4.53,4.815,5.3,5.717,6.292,7.221
2017-05-01,4.362,4.722,4.96,5.349,5.731,6.312,7.236
2017-05-08,4.503,4.813,5.017,5.35,5.722,6.368,7.421
2017-05-15,4.35,4.627,4.889,5.373,5.812,6.402,7.26
2017-05-22,4.267,4.538,4.797,5.283,5.728,6.329,7.182
2017-05-29,4.017,4.411,4.717,5.234,5.694,6.315,7.209
2017-06-05,4.004,4.339,4.657,5.246,5.773,6.451,7.305
2017-06-12,3.881,4.214,4.532,5.123,5.657,6.355,7.264
2017-06-19,3.818,4.187,4.516,5.073,5.523,6.059,6.763
2017-06-26,3.799,4.15,4.461,4.996,5.448,6.028,6.834
2017-07-03,3.83,4.198,4.505,5.01,5.437,5.993,6.762
2017-07-10,3.775,4.117,4.432,4.985,5.449,6.005,6.665
2017-07-17,3.636,3.941,4.224,4.732,5.169,5.708,6.366
2017-07-24,3.474,3.838,4.16,4.696,5.108,5.548,6.001
2017-07-31,3.59,3.959,4.24,4.683,5.053,5.524,6.117
2017-08-07,3.562,3.848,4.118,4.614,5.052,5.598,6.222
2017-08-14,3.563,3.943,4.277,4.826,5.237,5.651,6.004
2017-08-21,3.665,4.003,4.307,4.823,5.232,5.686,6.146
2017-08-28,3.911,4.306,4.587,5.004,5.341,5.767,6.292
2017-09-04,3.95,4.232,4.496,4.971,5.38,5.872,6.394
2017-09-11,3.9,4.158,4.4,4.84,5.224,5.705,6.282
2017-09-18,3.834,4.09,4.331,4.773,5.162,5.656,6.262
2017-09-25,3.835,4.089,4.329,4.766,5.15,5.634,6.221
2017-10-02,3.82,4.072,4.313,4.758,5.153,5.653,6.257
2017-10-09,3.77,4.037,4.288,4.741,5.135,5.626,6.211
2017-10-16,3.653,3.917,4.168,4.635,5.053,5.592,6.257
2017-10-23,3.636,3.915,4.179,4.659,5.081,5.61,6.243
2017-10-30,3.735,3.985,4.222,4.661,5.052,5.548,6.13
2017-11-06,3.704,3.96,4.206,4.663,5.071,5.587,6.196
2017-11-13,3.764,4.019,4.26,4.706,5.102,5.607,6.226
2017-11-20,3.821,4.057,4.283,4.707,5.093,5.6,6.257
2017-11-27,3.843,4.05,4.266,4.702,5.117,5.658,6.297
2017-12-04,3.814,4.062,4.297,4.732,5.12,5.616,6.228
2017-12-11,3.827,4.07,4.301,4.726,5.104,5.589,6.197
2017-12-18,3.568,3.814,4.051,4.495,4.9,5.437,6.14
2017-12-25,3.204,3.484,3.751,4.25,4.701,5.287,6.021
2018-01-01,3.395,3.64,3.875,4.313,4.708,5.226,5.9
2018-01-08,3.452,3.698,3.933,4.374,4.773,5.297,5.967
2018-01-15,3.26,3.423,3.609,4.015,4.431,5.015,5.792
2018-01-22,3.233,3.421,3.603,3.95,4.273,4.714,5.334
2018-01-29,2.783,2.963,3.139,3.473,3.787,4.218,4.833
2018-02-05,2.794,2.941,3.102,3.447,3.798,4.299,4.993
2018-02-12,2.821,3.008,3.189,3.535,3.859,4.306,4.949
2018-02-26,2.536,2.701,2.901,3.338,3.759,4.302,4.965
2018-03-05,2.396,2.609,2.816,3.211,3.583,4.097,4.835
2018-03-12,2.311,2.544,2.769,3.193,3.586,4.119,4.875
2018-03-19,2.315,2.555,2.786,3.222,3.624,4.166,4.916
2018-03-26,2.275,2.503,2.725,3.152,3.556,4.119,4.942
2018-04-02,2.31,2.516,2.735,3.186,3.632,4.25,5.068
2018-04-09,2.317,2.572,2.818,3.283,3.713,4.291,5.079
2018-04-16,2.154,2.381,2.667,3.278,3.835,4.493,5.197
2018-04-23,2.261,2.508,2.774,3.321,3.844,4.522,5.312
2018-04-30,2.31,2.608,2.893,3.425,3.906,4.533,5.33
2018-05-07,2.403,2.673,2.962,3.545,4.08,4.732,5.41
2018-05-14,2.264,2.613,2.939,3.53,4.044,4.684,5.452
2018-05-21,2.301,2.634,2.951,3.537,4.061,4.73,5.538
2018-05-28,2.317,2.666,2.994,3.587,4.101,4.736,5.474
2018-06-04,2.421,2.793,3.136,3.74,4.245,4.843,5.497
2018-06-11,2.362,2.72,3.057,3.671,4.207,4.871,5.629
2018-06-18,2.364,2.756,3.116,3.75,4.279,4.899,5.562
2018-06-25,2.326,2.676,3.044,3.73,4.293,4.906,5.508
2018-07-02,2.314,2.719,3.089,3.732,4.261,4.871,5.52
2018-07-09,2.335,2.72,3.092,3.751,4.299,4.941,5.647
2018-07-16,2.401,2.783,3.136,3.761,4.285,4.911,5.608
2018-07-23,2.619,2.902,3.149,3.753,4.327,4.975,5.607
2018-07-30,2.848,3.123,3.386,3.875,4.316,4.888,5.614
2018-08-06,3.677,3.854,4.026,4.349,4.646,5.045,5.582
2018-08-13,3.857,4.005,4.149,4.421,4.675,5.02,5.507
2018-08-20,4.083,4.217,4.346,4.591,4.82,5.131,5.571
2018-08-27,4.078,4.249,4.409,4.697,4.947,5.257,5.627
2018-09-03,4.146,4.318,4.476,4.753,4.987,5.271,5.619
2018-09-10,4.244,4.381,4.513,4.761,4.99,5.295,5.704
2018-09-17,3.9,4.049,4.193,4.469,4.726,5.079,5.58
2018-09-24,3.968,4.109,4.244,4.502,4.741,5.068,5.53
2018-10-01,4.024,4.138,4.25,4.471,4.688,5.005,5.511
2018-10-08,3.943,4.061,4.185,4.444,4.701,5.067,5.588
2018-10-15,4.018,4.163,4.303,4.567,4.809,5.132,5.567
2018-10-22,4.061,4.205,4.342,4.6,4.835,5.15,5.583
2018-10-29,4.229,4.336,4.442,4.648,4.849,5.139,5.591
2018-11-05,4.252,4.376,4.498,4.728,4.943,5.238,5.664
2018-11-12,4.31,4.406,4.501,4.691,4.879,5.156,5.61
2018-11-19,4.264,4.327,4.424,4.659,4.902,5.229,5.654
2018-11-26,4.288,4.4,4.509,4.716,4.912,5.185,5.589
2018-12-03,4.157,4.279,4.398,4.624,4.835,5.124,5.542
2018-12-10,4.087,4.176,4.299,4.575,4.836,5.164,5.575
2018-12-17,4.113,4.236,4.356,4.586,4.805,5.111,5.563
2018-12-24,3.999,4.068,4.181,4.47,4.771,5.165,5.605
2018-12-31,4.048,4.179,4.305,4.543,4.764,5.063,5.477
2019-01-07,3.979,4.089,4.199,4.419,4.638,4.967,5.516
2019-01-14,3.438,3.621,3.797,4.135,4.451,4.884,5.498
2019-01-21,3.435,3.603,3.768,4.086,4.389,4.815,5.451
2019-01-28,3.326,3.525,3.72,4.092,4.438,4.904,5.505
2019-02-04,3.254,3.461,3.659,4.026,4.357,4.791,5.374
2019-02-11,3.22,3.427,3.626,4.0,4.341,4.795,5.4
2019-02-18,2.798,3.048,3.288,3.735,4.142,4.683,5.416
2019-02-25,2.901,3.144,3.376,3.808,4.199,4.714,5.404
2019-03-04,2.911,3.109,3.337,3.813,4.253,4.796,5.426
2019-03-11,2.991,3.22,3.441,3.856,4.239,4.749,5.433
2019-03-18,3.035,3.272,3.496,3.91,4.281,4.762,5.394
2019-03-25,3.11,3.328,3.538,3.935,4.301,4.794,5.468
2019-04-01,3.165,3.29,3.472,3.91,4.348,4.898,5.488
2019-04-08,3.219,3.412,3.6,3.959,4.296,4.761,5.429
2019-04-15,3.389,3.536,3.682,3.975,4.267,4.704,5.43
2019-04-22,3.342,3.491,3.64,3.94,4.24,4.693,5.452
2019-04-29,3.252,3.443,3.628,3.983,4.317,4.781,5.452
2019-05-06,3.25,3.442,3.628,3.982,4.315,4.775,5.439
2019-05-13,3.299,3.437,3.596,3.953,4.331,4.874,5.593
2019-05-20,3.279,3.437,3.602,3.942,4.283,4.773,5.482
2019-05-27,3.221,3.409,3.591,3.942,4.275,4.739,5.42
2019-06-03,3.237,3.419,3.597,3.941,4.268,4.728,5.414
2019-06-10,3.235,3.427,3.613,3.966,4.293,4.74,5.379
2019-06-17,3.243,3.431,3.613,3.959,4.282,4.728,5.373
2019-06-24,3.247,3.432,3.612,3.955,4.276,4.717,5.351
2019-07-01,3.246,3.43,3.608,3.95,4.27,4.711,5.344
2019-07-08,3.219,3.414,3.602,3.952,4.272,4.7,5.287
2019-07-15,3.137,3.325,3.506,3.845,4.157,4.576,5.157
2019-07-22,2.905,3.115,3.317,3.7,4.053,4.527,5.166
2019-07-29,2.872,3.093,3.302,3.689,4.036,4.49,5.098
2019-08-05,2.891,3.092,3.284,3.641,3.966,4.4,5.014
2019-08-12,2.921,3.114,3.301,3.658,3.993,4.453,5.106
2019-08-19,2.851,3.038,3.219,3.565,3.89,4.338,4.98
2019-08-26,2.734,2.917,3.096,3.438,3.76,4.209,4.868
2019-09-02,2.741,2.847,3.011,3.406,3.796,4.291,4.899
2019-09-09,2.774,2.934,3.091,3.397,3.691,4.111,4.755
2019-09-16,2.672,2.831,2.989,3.295,3.59,4.012,4.661
2019-09-23,2.652,2.742,2.891,3.256,3.615,4.064,4.625
2019-09-30,2.662,2.753,2.902,3.26,3.62,4.101,4.735
2019-10-07,2.693,2.845,2.996,3.291,3.578,3.992,4.641
2019-10-14,2.633,2.79,2.944,3.244,3.534,3.948,4.585
2019-10-21,2.48,2.624,2.767,3.046,3.318,3.71,4.323
2019-10-28,2.301,2.438,2.588,2.886,3.168,3.562,4.137
2019-11-04,2.248,2.413,2.574,2.88,3.168,3.565,4.137
2019-11-11,2.23,2.413,2.589,2.922,3.228,3.641,4.205
2019-11-18,2.128,2.198,2.359,2.799,3.246,3.771,4.238
2019-11-25,1.999,2.099,2.289,2.765,3.218,3.719,4.154
2019-12-02,2.008,2.123,2.306,2.709,3.075,3.524,4.071
2019-12-09,1.763,1.973,2.175,2.558,2.911,3.388,4.046
2019-12-16,1.54,1.652,1.909,2.561,3.152,3.737,4.104
2019-12-23,1.477,1.556,1.821,2.488,3.072,3.672,4.182
2019-12-30,1.578,1.78,1.977,2.354,2.709,3.203,3.919
2020-01-06,1.481,1.709,1.929,2.345,2.73,3.249,3.955
2020-01-13,1.487,1.404,1.495,1.987,2.527,3.157,3.774
2020-01-20,1.039,1.233,1.421,1.78,2.116,2.577,3.236
2020-01-27,1.08,1.328,1.563,2.0,2.391,2.894,3.513
2020-02-03,1.259,1.286,1.516,2.131,2.628,3.102,3.505
2020-02-10,1.666,1.829,1.984,2.27,2.527,2.863,3.312
2020-02-17,1.681,1.743,1.872,2.208,2.542,2.931,3.298
2020-02-24,1.68,1.806,1.928,2.161,2.378,2.678,3.11
2020-03-02,1.675,1.746,1.878,2.204,2.513,2.846,3.106
2020-03-09,1.442,1.541,1.637,1.824,2.002,2.255,2.635
2020-03-16,1.535,1.649,1.753,1.938,2.096,2.291,2.55
2020-03-23,1.797,1.901,2.003,2.195,2.376,2.623,2.973
2020-03-30,2.027,2.209,2.372,2.651,2.873,3.12,3.373
2020-04-06,2.48,2.601,2.717,2.93,3.122,3.367,3.667
2020-04-13,2.211,2.313,2.412,2.6,2.776,3.019,3.364
2020-04-20,2.061,2.213,2.357,2.621,2.853,3.144,3.484
2020-04-27,1.972,2.108,2.238,2.482,2.705,3.001,3.394
2020-05-04,1.9,2.056,2.201,2.458,2.677,2.947,3.277
2020-05-11,1.691,1.855,2.012,2.306,2.575,2.931,3.396
2020-05-18,1.585,1.773,1.949,2.263,2.534,2.871,3.29
2020-05-25,1.292,1.559,1.802,2.224,2.568,2.961,3.369
2020-06-01,1.102,1.427,1.723,2.237,2.653,3.121,3.571
2020-06-08,1.073,1.359,1.626,2.109,2.524,3.028,3.58
2020-06-15,1.005,1.327,1.622,2.135,2.555,3.033,3.508
2020-06-22,0.794,1.07,1.425,2.088,2.578,3.039,3.428
2020-06-29,0.734,1.015,1.382,2.072,2.576,3.038,3.408
2020-07-06,0.724,0.989,1.35,2.043,2.556,3.031,3.411
2020-07-13,0.72,0.947,1.35,2.098,2.603,3.04,3.391
2020-07-20,0.662,0.854,1.204,1.938,2.484,2.945,3.247
2020-07-27,0.676,0.974,1.254,1.763,2.206,2.754,3.384
2020-08-03,0.587,0.794,1.137,1.844,2.395,2.925,3.367
2020-08-10,0.769,1.036,1.29,1.761,2.181,2.717,3.368
2020-08-17,0.659,0.873,1.189,1.848,2.379,2.904,3.336
2020-08-24,0.726,1.01,1.28,1.776,2.217,2.775,3.435
2020-08-31,0.58,0.917,1.23,1.79,2.266,2.836,3.453
2020-09-07,0.548,0.727,1.063,1.784,2.356,2.906,3.362
2020-09-14,0.579,0.869,1.15,1.682,2.174,2.839,3.748
2020-09-21,0.562,0.827,1.082,1.559,1.993,2.565,3.306
2020-09-28,0.469,0.73,0.992,1.479,1.912,2.466,3.173
2020-10-05,0.584,0.822,1.049,1.474,1.857,2.355,2.985
2020-10-12,0.497,0.716,0.928,1.33,1.702,2.204,2.894
2020-10-19,0.637,0.862,1.078,1.484,1.855,2.342,2.975
2020-10-26,0.525,0.763,0.991,1.417,1.804,2.312,2.965
2020-11-02,0.56,0.782,0.997,1.4,1.77,2.26,2.905
2020-11-09,0.513,0.76,0.997,1.439,1.839,2.358,3.015
2020-11-16,0.466,0.531,0.739,1.311,1.869,2.499,3.051
2020-11-23,0.493,0.537,0.712,1.238,1.797,2.481,3.12
2020-11-30,0.514,0.559,0.724,1.2,1.691,2.288,2.889
2020-12-07,0.451,0.658,0.858,1.236,1.585,2.057,2.704
2020-12-14,0.489,0.685,0.875,1.236,1.573,2.032,2.67
2020-12-21,0.507,0.574,0.725,1.144,1.591,2.169,2.802
2020-12-28,0.515,0.731,0.936,1.317,1.659,2.104,2.677
2021-01-04,0.427,0.644,0.854,1.247,1.607,2.087,2.728
2021-01-11,0.487,0.519,0.695,1.202,1.704,2.285,2.841
2021-01-18,0.485,0.675,0.858,1.207,1.53,1.969,2.576
2021-01-25,0.498,0.681,0.859,1.196,1.51,1.936,2.528
2021-02-01,0.553,0.748,0.936,1.291,1.618,2.054,2.641
2021-02-08,0.534,0.755,0.967,1.362,1.718,2.183,2.773
2021-02-22,0.521,0.715,0.901,1.254,1.58,2.017,2.609
2021-03-01,0.476,0.682,0.906,1.326,1.695,2.156,2.72
2021-03-08,0.47,0.505,0.685,1.209,1.732,2.33,2.864
2021-03-15,0.462,0.533,0.726,1.236,1.728,2.289,2.818
2021-03-22,0.482,0.557,0.753,1.276,1.788,2.374,2.908
2021-03-29,0.527,0.743,0.95,1.339,1.692,2.159,2.772
2021-04-05,0.46,0.513,0.694,1.191,1.673,2.203,2.658
2021-04-12,0.479,0.518,0.695,1.201,1.704,2.284,2.83
2021-04-19,0.533,0.763,0.982,1.388,1.754,2.227,2.826
2021-04-26,0.5,0.721,0.933,1.329,1.689,2.159,2.764
2021-05-03,0.478,0.534,0.731,1.267,1.777,2.339,2.833
2021-05-10,0.431,0.67,0.916,1.369,1.759,2.237,2.803
2021-05-17,0.541,0.78,1.007,1.43,1.81,2.301,2.912
2021-05-24,0.55,0.747,0.937,1.296,1.628,2.075,2.687
2021-05-31,0.543,0.759,0.966,1.352,1.703,2.164,2.767
2021-06-07,0.522,0.722,0.914,1.278,1.613,2.062,2.668
2021-06-14,0.517,0.605,0.773,1.213,1.665,2.23,2.816
2021-06-21,0.565,0.649,0.787,1.155,1.562,2.129,2.802
2021-06-28,0.514,0.719,0.916,1.284,1.62,2.065,2.656
2021-07-05,0.514,0.713,0.905,1.268,1.603,2.052,2.662
2021-07-12,0.542,0.631,0.791,1.198,1.609,2.127,2.706
2021-07-19,0.535,0.717,0.894,1.232,1.548,1.982,2.599
2021-07-26,0.533,0.733,0.926,1.289,1.621,2.065,2.661
2021-08-02,0.48,0.693,0.897,1.279,1.627,2.084,2.679
2021-08-09,0.483,0.667,0.845,1.182,1.494,1.917,2.511
2021-08-16,0.516,0.683,0.847,1.16,1.456,1.866,2.46
2021-08-23,0.511,0.695,0.873,1.21,1.524,1.948,2.534
2021-08-30,0.48,0.67,0.852,1.193,1.507,1.926,2.496
2021-09-06,0.467,0.649,0.824,1.158,1.467,1.886,2.466
2021-09-13,0.548,0.588,0.679,0.966,1.327,1.887,2.612
2021-09-20,0.519,0.646,0.783,1.076,1.386,1.859,2.579
2021-09-27,0.523,0.694,0.859,1.174,1.469,1.874,2.449
2021-10-04,0.521,0.57,0.692,1.049,1.453,2.008,2.648
2021-10-11,0.532,0.569,0.68,1.022,1.425,1.994,2.671
2021-10-18,0.508,0.693,0.871,1.208,1.52,1.942,2.524
2021-10-25,0.513,0.567,0.692,1.06,1.477,2.053,2.719
2021-11-01,0.508,0.547,0.653,0.984,1.38,1.958,2.671
2021-11-08,0.516,0.682,0.843,1.152,1.444,1.85,2.44
2021-11-15,0.516,0.695,0.867,1.195,1.5,1.913,2.488
2021-11-22,0.487,0.494,0.592,0.941,1.364,1.964,2.664
2021-11-29,0.5,0.521,0.627,0.977,1.389,1.964,2.63
2021-12-06,0.518,0.564,0.676,1.013,1.402,1.953,2.618
2021-12-13,0.513,0.547,0.67,1.037,1.436,1.961,2.574
2021-12-20,0.47,0.629,0.784,1.081,1.363,1.757,2.337
2021-12-27,0.526,0.567,0.678,1.019,1.421,1.995,2.684
2022-01-03,0.506,0.541,0.659,1.029,1.454,2.032,2.681
2022-01-10,0.508,0.687,0.861,1.19,1.495,1.908,2.476
2022-01-17,0.522,0.67,0.822,1.132,1.444,1.897,2.562
2022-01-24,0.547,0.714,0.877,1.187,1.477,1.875,2.443
2022-01-31,0.494,0.674,0.848,1.178,1.486,1.903,2.48
2022-02-07,0.497,0.679,0.856,1.191,1.5,1.918,2.49
2022-02-14,0.507,0.557,0.683,1.052,1.467,2.031,2.667
2022-02-21,0.627,0.718,0.873,1.267,1.672,2.181,2.718
2022-02-28,0.765,0.942,1.113,1.433,1.725,2.113,2.628
2022-03-07,1.065,1.238,1.401,1.698,1.96,2.293,2.705
2022-03-14,1.089,1.246,1.395,1.674,1.926,2.255,2.683
2022-03-21,1.158,1.314,1.463,1.738,1.987,2.308,2.719
2022-03-28,1.311,1.469,1.616,1.878,2.102,2.377,2.705
2022-04-04,1.341,1.502,1.65,1.912,2.133,2.403,2.732
2022-04-11,1.541,1.726,1.849,2.117,2.373,2.658,2.924
2022-04-18,1.806,1.904,2.028,2.309,2.587,2.935,3.277
2022-04-25,1.773,1.905,2.051,2.356,2.639,2.98,3.301
2022-05-02,1.727,1.886,2.055,2.385,2.674,3.002,3.291
2022-05-09,1.788,1.983,2.161,2.468,2.716,2.993,3.255
2022-05-16,1.808,2.027,2.225,2.564,2.832,3.121,3.364
2022-05-23,1.844,2.04,2.22,2.531,2.784,3.069,3.34
2022-05-30,1.865,2.073,2.259,2.575,2.824,3.094,3.34
2022-06-06,1.882,2.048,2.206,2.496,2.753,3.074,3.444
2022-06-13,1.826,2.058,2.262,2.601,2.855,3.11,3.302
2022-06-20,1.833,2.027,2.207,2.527,2.798,3.117,3.451
2022-06-27,1.82,2.021,2.247,2.664,2.979,3.272,3.486
2022-07-04,1.848,2.093,2.311,2.672,2.946,3.226,3.453
2022-07-11,1.909,2.102,2.3,2.673,2.985,3.321,3.582
2022-07-18,1.91,2.127,2.33,2.688,2.981,3.304,3.597
2022-07-25,2.077,2.302,2.502,2.834,3.087,3.347,3.563
2022-08-01,2.53,2.669,2.802,3.052,3.278,3.575,3.957
2022-08-08,2.735,2.855,2.969,3.178,3.364,3.602,3.902
2022-08-15,2.776,2.904,3.021,3.226,3.396,3.599,3.833
2022-08-22,2.821,2.905,2.986,3.144,3.294,3.503,3.811
2022-08-29,2.771,2.896,3.011,3.216,3.39,3.599,3.845
2022-09-05,2.872,2.944,3.016,3.157,3.295,3.496,3.817
2022-09-12,2.951,3.063,3.167,3.353,3.512,3.706,3.927
2022-09-19,2.999,3.09,3.178,3.342,3.491,3.686,3.938
2022-09-26,3.536,3.629,3.718,3.886,4.04,4.242,4.507
2022-10-03,4.242,4.31,4.374,4.496,4.606,4.753,4.945
2022-10-10,4.597,4.643,4.685,4.759,4.82,4.892,4.982
2022-10-17,4.685,4.708,4.731,4.777,4.821,4.887,4.994
2022-10-24,4.716,4.762,4.773,4.747,4.715,4.714,4.842
2022-10-31,4.867,4.847,4.83,4.803,4.786,4.778,4.814
2022-11-07,4.775,4.787,4.8,4.828,4.858,4.906,4.998
2022-11-14,4.829,4.841,4.854,4.879,4.905,4.944,5.012
2022-11-21,4.908,4.906,4.905,4.904,4.907,4.918,4.952
2022-11-28,4.859,4.864,4.87,4.881,4.893,4.911,4.944
2022-12-05,4.844,4.841,4.84,4.844,4.855,4.885,4.974
2022-12-12,4.888,4.898,4.908,4.929,4.95,4.982,5.038
2022-12-19,4.785,4.793,4.802,4.822,4.846,4.886,4.969
2022-12-26,4.783,4.796,4.81,4.84,4.871,4.923,5.02
2023-01-02,4.732,4.732,4.736,4.755,4.789,4.865,5.059
2023-01-09,4.598,4.586,4.583,4.597,4.633,4.711,4.874
2023-01-16,4.57,4.559,4.556,4.566,4.594,4.659,4.793
2023-01-23,4.58,4.57,4.563,4.557,4.562,4.59,4.69
2023-01-30,4.522,4.52,4.52,4.526,4.541,4.578,4.679
2023-02-06,4.215,4.207,4.202,4.203,4.217,4.263,4.4
2023-02-13,3.91,3.924,3.94,3.978,4.025,4.109,4.29
2023-02-20,3.917,3.938,3.96,4.008,4.058,4.136,4.275
2023-02-27,3.956,3.929,3.934,4.004,4.115,4.294,4.532
2023-03-06,3.917,3.947,3.979,4.045,4.117,4.233,4.453
2023-03-13,3.872,3.903,3.935,4.004,4.078,4.201,4.437
2023-03-20,3.768,3.801,3.834,3.865,3.888,3.938,4.087
2023-03-27,3.646,3.699,3.737,3.777,3.783,3.766,3.784
2023-04-03,3.332,3.349,3.368,3.405,3.444,3.506,3.617
2023-04-10,2.993,3.043,3.089,3.173,3.247,3.344,3.487
2023-04-17,2.934,2.978,3.022,3.109,3.196,3.325,3.536
2023-04-24,3.056,3.121,3.127,3.091,3.085,3.178,3.481
2023-05-01,2.914,2.96,2.975,2.986,3.022,3.142,3.42
2023-05-08,2.829,2.857,2.886,2.948,3.014,3.121,3.321
2023-05-15,2.721,2.756,2.792,2.863,2.935,3.043,3.223
2023-05-22,2.647,2.707,2.761,2.856,2.934,3.029,3.152
2023-05-29,2.549,2.638,2.713,2.836,2.936,3.068,3.273
2023-06-05,2.59,2.628,2.671,2.761,2.852,2.99,3.221
2023-06-12,2.557,2.556,2.59,2.684,2.787,2.944,3.205
2023-06-19,2.439,2.494,2.546,2.645,2.738,2.871,3.086
2023-06-26,2.246,2.291,2.336,2.425,2.515,2.65,2.875
2023-07-03,2.209,2.257,2.304,2.397,2.489,2.626,2.851
2023-07-10,2.205,2.248,2.275,2.335,2.426,2.61,2.937
2023-07-17,2.078,2.137,2.197,2.321,2.451,2.657,3.027
2023-07-24,2.024,2.075,2.126,2.228,2.33,2.482,2.734
2023-07-31,1.958,2.011,2.064,2.169,2.273,2.428,2.682
2023-08-07,1.918,1.974,2.029,2.138,2.245,2.404,2.662
2023-08-14,1.891,1.96,2.03,2.166,2.301,2.5,2.821
2023-08-21,1.911,1.969,2.027,2.141,2.253,2.416,2.677
2023-08-28,1.874,1.963,2.021,2.13,2.26,2.476,2.789
2023-09-04,1.893,1.976,2.055,2.206,2.346,2.535,2.804
2023-09-11,1.841,1.927,2.009,2.165,2.309,2.502,2.768
2023-09-18,1.861,1.889,1.945,2.102,2.285,2.549,2.887
2023-09-25,1.839,1.936,2.028,2.202,2.36,2.569,2.848
2023-10-02,1.887,1.954,2.028,2.188,2.353,2.59,2.916
2023-10-09,1.829,1.936,2.039,2.236,2.42,2.67,3.022
2023-10-16,1.877,2.001,2.12,2.341,2.541,2.801,3.131
2023-10-23,1.869,1.943,2.07,2.379,2.678,3.024,3.332
2023-10-30,1.883,1.989,2.091,2.287,2.468,2.716,3.066
2023-11-06,1.798,1.918,2.031,2.242,2.43,2.672,2.974
2023-11-13,2.055,2.127,2.197,2.333,2.462,2.644,2.915
2023-11-20,1.847,1.927,2.007,2.167,2.323,2.546,2.871
2023-11-27,1.718,1.734,1.818,2.042,2.249,2.48,2.731
2023-12-04,1.67,1.673,1.722,1.887,2.08,2.349,2.683
2023-12-11,1.647,1.762,1.872,2.075,2.259,2.498,2.803
2023-12-18,1.662,1.73,1.797,1.928,2.056,2.242,2.538
2023-12-25,1.595,1.641,1.698,1.834,1.984,2.215,2.565
2024-01-01,1.618,1.69,1.761,1.899,2.032,2.224,2.525
2024-01-08,1.602,1.68,1.757,1.905,2.045,2.244,2.54
2024-01-15,1.683,1.683,1.705,1.797,1.929,2.159,2.539
2024-01-22,1.445,1.532,1.616,1.779,1.934,2.153,2.48
2024-01-29,1.311,1.431,1.546,1.762,1.96,2.225,2.579
2024-02-05,1.305,1.307,1.384,1.64,1.924,2.287,2.675
2024-02-12,1.203,1.342,1.474,1.717,1.934,2.213,2.57
2024-02-19,1.312,1.327,1.393,1.609,1.866,2.229,2.669
2024-02-26,1.247,1.371,1.49,1.716,1.924,2.202,2.58
2024-03-04,1.294,1.413,1.527,1.744,1.945,2.218,2.6
2024-03-11,1.317,1.445,1.568,1.801,2.018,2.311,2.717
2024-03-18,1.44,1.498,1.569,1.743,1.948,2.286,2.833
2024-03-25,1.48,1.498,1.576,1.819,2.091,2.452,2.856
2024-04-01,1.649,1.669,1.745,1.981,2.242,2.586,2.963
2024-04-08,2.066,2.067,2.104,2.256,2.461,2.783,3.164
2024-04-15,2.03,2.107,2.181,2.322,2.455,2.636,2.892
2024-04-22,2.122,2.099,2.134,2.303,2.523,2.836,3.185
2024-04-29,2.179,2.236,2.292,2.402,2.51,2.668,2.919
2024-05-06,2.112,2.201,2.286,2.446,2.593,2.787,3.042
2024-05-13,2.135,2.202,2.269,2.397,2.519,2.693,2.955
2024-05-20,2.153,2.221,2.287,2.414,2.534,2.702,2.949
2024-05-27,2.152,2.243,2.331,2.495,2.644,2.841,3.097
2024-06-03,2.16,2.247,2.331,2.488,2.633,2.825,3.081
2024-06-10,2.165,2.231,2.297,2.422,2.541,2.709,2.958
2024-06-17,2.098,2.181,2.261,2.414,2.557,2.755,3.038
2024-06-24,2.106,2.138,2.194,2.35,2.528,2.783,3.094
2024-07-01,2.109,2.184,2.258,2.398,2.53,2.714,2.982
2024-07-08,2.089,2.133,2.187,2.318,2.471,2.721,3.113
2024-07-15,2.055,2.142,2.226,2.385,2.532,2.728,2.993
2024-07-22,2.067,2.152,2.233,2.388,2.53,2.723,2.985
2024-07-29,1.996,1.994,2.037,2.205,2.422,2.745,3.134
2024-08-05,2.047,2.129,2.209,2.36,2.501,2.695,2.969
2024-08-12,2.067,2.14,2.211,2.347,2.476,2.655,2.918
2024-08-19,2.115,2.192,2.266,2.408,2.54,2.72,2.972
2024-08-26,2.077,2.163,2.245,2.4,2.542,2.734,2.994
2024-09-02,2.05,2.123,2.194,2.331,2.46,2.64,2.903
2024-09-09,2.042,2.121,2.198,2.345,2.482,2.67,2.938
2024-09-16,2.036,2.069,2.12,2.259,2.422,2.671,3.014
2024-09-23,2.033,2.016,2.051,2.215,2.433,2.754,3.125
2024-09-30,1.899,2.035,2.163,2.399,2.606,2.866,3.171
2024-10-07,1.925,2.089,2.245,2.529,2.777,3.082,3.415
2024-10-14,1.934,1.856,1.966,2.45,3.003,3.637,4.001
2024-10-21,1.72,2.051,2.361,2.917,3.385,3.925,4.39
2024-10-28,1.92,2.007,2.092,2.253,2.403,2.607,2.895
2024-11-04,1.851,1.838,1.878,2.051,2.275,2.604,2.994
2024-11-11,1.908,1.898,1.945,2.131,2.361,2.68,3.032
2024-11-18,1.971,2.046,2.12,2.266,2.408,2.612,2.912
2024-11-25,1.949,2.02,2.093,2.246,2.402,2.635,2.98
2024-12-02,1.913,1.901,1.941,2.112,2.334,2.657,3.04
2024-12-09,1.943,2.046,2.145,2.329,2.496,2.715,3.0
2024-12-16,1.947,2.047,2.146,2.33,2.494,2.704,2.973
2024-12-23,1.981,2.066,2.174,2.399,2.598,2.824,3.057
2024-12-30,2.073,2.174,2.271,2.452,2.614,2.824,3.086
2025-01-06,2.066,2.17,2.268,2.446,2.601,2.795,3.027
2025-01-13,2.06,2.169,2.273,2.461,2.627,2.834,3.077
2025-01-20,2.077,2.197,2.31,2.514,2.69,2.907,3.152
2025-01-27,2.085,2.147,2.244,2.472,2.684,2.923,3.135
2025-02-03,2.091,2.144,2.24,2.489,2.741,3.043,3.314
2025-02-10,2.088,2.23,2.36,2.585,2.768,2.976,3.183
2025-02-17,2.116,2.24,2.356,2.568,2.753,2.983,3.252
2025-02-24,2.103,2.144,2.243,2.505,2.765,3.071,3.351
2025-03-03,2.132,2.189,2.28,2.51,2.752,3.063,3.37
2025-03-10,2.135,2.236,2.333,2.516,2.682,2.901,3.187
2025-03-17,2.114,2.229,2.338,2.54,2.721,2.953,3.24
2025-03-24,2.086,2.201,2.31,2.512,2.693,2.924,3.21
2025-03-31,2.098,2.205,2.307,2.498,2.671,2.897,3.188
2025-04-07,2.096,2.209,2.317,2.517,2.697,2.928,3.213
2025-04-14,2.121,2.234,2.342,2.541,2.718,2.945,3.214
2025-04-21,2.096,2.217,2.329,2.532,2.705,2.918,3.164
2025-04-28,2.135,2.194,2.276,2.478,2.692,2.981,3.304
2025-05-05,2.117,2.23,2.336,2.532,2.707,2.931,3.21
2025-05-12,2.122,2.235,2.343,2.544,2.725,2.957,3.245
2025-05-19,2.187,2.295,2.399,2.59,2.761,2.98,3.246
2025-05-26,2.305,2.362,2.42,2.535,2.65,2.821,3.105
2025-06-02,2.252,2.249,2.305,2.503,2.731,3.027,3.318
2025-06-09,2.276,2.367,2.455,2.622,2.776,2.985,3.272
2025-06-16,2.261,2.365,2.464,2.648,2.813,3.024,3.28
2025-06-23,2.295,2.404,2.508,2.701,2.873,3.094,3.362
2025-06-30,2.442,2.502,2.561,2.679,2.796,2.971,3.258
2025-07-07,2.486,2.552,2.624,2.78,2.936,3.148,3.408
2025-07-14,2.448,2.544,2.635,2.805,2.957,3.152,3.393
2025-07-21,2.425,2.528,2.627,2.809,2.971,3.177,3.422
2025-07-28,2.534,2.582,2.653,2.831,3.016,3.257,3.502
2025-08-04,2.526,2.632,2.734,2.92,3.086,3.295,3.542
2025-08-11,2.576,2.673,2.765,2.936,3.089,3.284,3.522
2025-08-18,2.574,2.686,2.79,2.975,3.131,3.316,3.512
2025-08-25,2.627,2.718,2.815,2.995,3.152,3.347,3.577
2025-09-01,2.752,2.853,2.948,3.125,3.281,3.48,3.714
2025-09-08,2.759,2.866,2.966,3.148,3.306,3.502,3.738
2025-09-15,2.745,2.758,2.849,3.1,3.327,3.555,3.718
2025-09-22,2.877,2.924,2.971,3.065,3.159,3.301,3.536
2025-09-29,2.828,2.917,3.002,3.159,3.301,3.483,3.71
2025-10-06,2.839,2.929,3.015,3.175,3.32,3.507,3.74
2025-10-13,2.846,2.859,2.926,3.134,3.356,3.624,3.859
2025-10-20,2.849,2.951,3.048,3.228,3.39,3.599,3.861
2025-10-27,2.897,2.981,3.061,3.212,3.351,3.541,3.806
2025-11-03,2.955,2.95,3.011,3.225,3.46,3.742,3.976
2025-11-10,2.932,3.039,3.141,3.328,3.493,3.701,3.949
2025-11-17,2.974,3.064,3.151,3.314,3.465,3.667,3.939
2025-11-24,3.02,3.113,3.202,3.367,3.515,3.708,3.951
2025-12-01,3.09,3.156,3.22,3.347,3.471,3.652,3.939
2025-12-08,3.026,3.129,3.228,3.412,3.577,3.792,4.062
2025-12-15,3.035,3.041,3.105,3.321,3.567,3.885,4.185
2025-12-22,3.058,3.083,3.145,3.332,3.55,3.852,4.186
2025-12-29,3.038,3.15,3.257,3.454,3.63,3.855,4.122
2026-01-05,3.067,3.085,3.153,3.365,3.603,3.912,4.208
2026-01-12,3.14,3.16,3.234,3.465,3.724,4.053,4.34
2026-01-19,3.188,3.3,3.407,3.605,3.783,4.013,4.301
2026-01-26,3.201,3.307,3.407,3.594,3.762,3.979,4.253
2026-02-02,3.231,3.269,3.351,3.573,3.804,4.083,4.322
2026-02-09,3.241,3.29,3.374,3.594,3.822,4.104,4.349
2026-02-16,3.269,3.376,3.477,3.663,3.827,4.033,4.276
2026-02-23,3.264,3.379,3.487,3.684,3.856,4.067,4.296
2026-03-02,3.3,3.366,3.45,3.646,3.847,4.113,4.389
2026-03-09,3.298,3.421,3.535,3.74,3.915,4.126,4.35
2026-03-16,3.425,3.521,3.612,3.78,3.929,4.119,4.345
2026-03-23,3.455,3.56,3.658,3.837,3.991,4.179,4.379
2026-03-30,3.469,3.604,3.724,3.921,4.068,4.214,4.326
2026-04-06,3.565,3.623,3.68,3.794,3.906,4.072,4.341
2026-04-13,3.51,3.603,3.691,3.854,3.997,4.176,4.378
2026-04-20,3.547,3.688,3.81,4.002,4.137,4.26,4.343
2026-04-27,3.552,3.659,3.758,3.933,4.08,4.25,4.416
2026-05-04,3.575,3.676,3.771,3.944,4.094,4.276,4.465
2026-05-11,3.602,3.714,3.815,3.989,4.128,4.284,4.432
2026-05-18,3.626,3.717,3.803,3.963,4.103,4.279,4.48
2026-05-25,3.629,3.718,3.802,3.958,4.096,4.271,4.476
2026-06-01,3.694,3.755,3.815,3.931,4.042,4.198,4.432
2026-06-08,3.666,3.778,3.881,4.061,4.21,4.385,4.575
2026-06-15,3.708,3.819,3.922,4.104,4.257,4.436,4.622
2026-06-22,3.744,3.867,3.977,4.162,4.306,4.463,4.61
2026-06-29,3.759,3.87,3.974,4.163,4.325,4.521,4.72
2026-07-06,3.787,3.884,3.974,4.135,4.272,4.439,4.629
